Synergy!ID,HistoryID,性別,年代,居住市町村,業種,その他業種,観光は悪い影響を上回る良い影響があると思う,やんばるエリアは観光地であるべき（積極的に観光客を受け入れるべき）だと思う,やんばるエリアは今後も更なる観光振興を進めるべきと思う,やんばるエリアの観光振興を支援していきたいと思う,企業・事業者数等の増加により地域経済が活性化している,地域の景観が良くなっている,地域の文化の保全・継承につながっている,地域の生活環境の改善・向上につながっている,地域に活気が生まれ転出者が減っている（転入者が増えている）,地域の買い物環境やレクリエーション環境が改善している,地域の交通環境（道路・駐車場整備等）が改善している,地域の商店街が活性化している,地域に訪れる観光客を歓迎している,地域住民と観光客の間で交流が生まれている,観光・観光客のおかげで、企業等への就業機会の向上につながっていると感じる,観光振興により自然・景観環境を守っていきたいと思う,観光・観光客のおかげで自分たちは独特の文化をもっていると感じる,観光・観光客のおかげであなたの住む地域の特徴を継承していきたいと思う,観光・観光客のおかげであなたの住む地域に誇りを持てる,観光・観光客のおかげであなたの住む地域のおすすめの場所をほかの人に教えたいと思う,観光振興により同じ地域に住む住民同士の関係性が強化されると思う,観光・観光客のおかげで買い物する場やレジャー環境が充実していると思う,あなたの日常生活での移動（通勤・通学）環境が改善したと思う,観光振興により旅行者との良い出会いが生まれると思う,観光客のおかげで他者への偏見が減り、他者への理解が深まると思う,定期的に知りたい情報_ALL,定期的に知りたい情報_来訪者の消費額,定期的に知りたい情報_来訪者の消費単価,定期的に知りたい情報_延べ宿泊者数,定期的に知りたい情報_来訪者満足度,定期的に知りたい情報_リピーター率,定期的に知りたい情報_住民満足度,定期的に知りたい情報_地域への経済波及効果,定期的に知りたい情報_活動実績,定期的に知りたい情報_その他,定期的に知りたい情報_その他_text,定期的に知りたい情報_特になし,やんばるエリアが持つ魅力_ALL,やんばるエリアが持つ魅力_豊かな自然景観,やんばるエリアが持つ魅力_地元の食文化,やんばるエリアが持つ魅力_琉球の歴史・文化,やんばるエリアが持つ魅力_のんびりとした時間の流れ,やんばるエリアが持つ魅力_地域住民の人柄,やんばるエリアが持つ魅力_その他,やんばるエリアが持つ魅力_その他_text,やんばるエリアにおいておすすめしたい体験等_ALL,やんばるエリアにおいておすすめしたい体験等_自然の景観・体験,やんばるエリアにおいておすすめしたい体験等_地元の料理,やんばるエリアにおいておすすめしたい体験等_地域産品・お土産,やんばるエリアにおいておすすめしたい体験等_伝統・文化,やんばるエリアにおいておすすめしたい体験等_お祭り・イベント,やんばるエリアにおいておすすめしたい体験等_地域住民との交流,やんばるエリアにおいておすすめしたい体験等_その他,やんばるエリアにおいておすすめしたい体験等_その他_text,やんばるエリアでの暮らしの幸福度,5年後のやんばるエリアでの暮らしの幸福度,やんばるエリアの「持続可能な観光地」としての満足度,居住地域の誇りにしていること,観光客に伝えたい魅力,やんばるの観光について、ご意見,回答日時
1487,14,男性,30代,伊平屋村,公務,,とても思う,やや思う,やや思う,やや思う,やや思う,どちらでもない,どちらでもない,どちらでもない,やや思う,どちらでもない,あまり思わない,どちらでもない,どちらでもない,やや思う,やや思う,どちらでもない,あまり思わない,まったく思わない,やや思う,やや思う,やや思う,どちらでもない,あまり思わない,やや思う,どちらでもない,"来訪者の消費額,来訪者の消費単価,延べ宿泊者数,来訪者満足度,リピーター率,地域への経済波及効果",1,1,1,1,1,0,1,0,0,,0,"豊かな自然景観,琉球の歴史・文化,のんびりとした時間の流れ",1,0,1,1,0,0,,"自然の景観・体験,地域産品・お土産,お祭り・イベント",1,0,1,0,1,0,0,,6,6,どちらでもない,"・豊かな自然、景観
・コミュニティ","県内の他の地域に比べて「秘境」というワードがぴったりの地域だと思う。
観光振興にあたって、上記テーマで推進していって欲しい。",やんばる三村、北部離島への交通環境を改善して欲しい。特に公共交通（バス）,2025-11-20 9:28:52
1493,15,男性,60代,伊平屋村,建設業,,とても思う,やや思う,やや思う,どちらでもない,やや思う,やや思う,どちらでもない,どちらでもない,どちらでもない,あまり思わない,どちらでもない,やや思う,やや思う,やや思う,どちらでもない,どちらでもない,どちらでもない,どちらでもない,どちらでもない,あまり思わない,あまり思わない,どちらでもない,どちらでもない,どちらでもない,どちらでもない,"来訪者の消費単価,来訪者満足度,リピーター率,地域への経済波及効果",0,1,0,1,1,0,1,0,0,,0,"琉球の歴史・文化,のんびりとした時間の流れ",0,0,1,1,0,0,,"自然の景観・体験,お祭り・イベント",1,0,0,0,1,0,0,,3,3,不満,海,,物価が異常にに高すぎる,2025-11-20 10:38:30
1532,16,女性,30代,伊平屋村,公務,,とても思う,とても思う,とても思う,とても思う,どちらでもない,あまり思わない,どちらでもない,やや思う,あまり思わない,どちらでもない,どちらでもない,あまり思わない,やや思う,やや思う,やや思う,とても思う,あまり思わない,どちらでもない,とても思う,やや思う,どちらでもない,あまり思わない,あまり思わない,とても思う,まったく思わない,"来訪者満足度,リピーター率,地域への経済波及効果,活動実績",0,0,0,1,1,0,1,1,0,,0,豊かな自然景観,1,0,0,0,0,0,,"自然の景観・体験,地域産品・お土産,伝統・文化,お祭り・イベント",1,0,1,1,1,0,0,,7,5,どちらでもない,原風景の残る景色、透明度の高い海、田舎ならではの暮らし方,沖縄の中でも沖縄北部が海が1番綺麗ということを知ってほしい,運天港までのアクセスが悪い。アクセス面で観光客の離脱が多いので、バスの本数を増やしたり、直結バスなどが無いと観光客の大幅な増加にはつながらないと思う。,2025-11-21 9:02:52
1807,17,男性,50代,伊平屋村,公務,,やや思う,どちらでもない,どちらでもない,やや思う,やや思う,あまり思わない,どちらでもない,あまり思わない,どちらでもない,どちらでもない,あまり思わない,あまり思わない,どちらでもない,あまり思わない,あまり思わない,どちらでもない,どちらでもない,どちらでもない,どちらでもない,どちらでもない,どちらでもない,どちらでもない,あまり思わない,どちらでもない,どちらでもない,リピーター率,0,0,0,0,1,0,0,0,0,,0,"豊かな自然景観,のんびりとした時間の流れ",1,0,0,1,0,0,,"自然の景観・体験,地域産品・お土産",1,0,1,0,0,0,0,,6,5,不満,,,,2025-11-25 8:00:27
1853,18,男性,50代,伊江村,生活関連サービス業,,やや思う,やや思う,やや思う,やや思う,やや思う,あまり思わない,あまり思わない,どちらでもない,あまり思わない,どちらでもない,あまり思わない,やや思う,やや思う,あまり思わない,あまり思わない,やや思う,どちらでもない,どちらでもない,やや思う,あまり思わない,あまり思わない,あまり思わない,まったく思わない,やや思う,どちらでもない,来訪者満足度,0,0,0,1,0,0,0,0,0,,0,豊かな自然景観,1,0,0,0,0,0,,自然の景観・体験,1,0,0,0,0,0,0,,7,7,どちらでもない,,,沖縄県全域でもあるが、道路案内標識の字が見えないのが多すぎるので、観光立県ならば、早目に対処してほしい。,2025-11-26 8:45:02
1903,19,女性,50代,伊江村,小売業,,とても思う,とても思う,とても思う,とても思う,とても思う,どちらでもない,どちらでもない,どちらでもない,あまり思わない,まったく思わない,まったく思わない,まったく思わない,とても思う,あまり思わない,まったく思わない,とても思う,やや思う,どちらでもない,どちらでもない,やや思う,どちらでもない,まったく思わない,まったく思わない,やや思う,あまり思わない,"来訪者の消費額,来訪者の消費単価,延べ宿泊者数,リピーター率,地域への経済波及効果,活動実績",1,1,1,0,1,0,1,1,0,,0,"豊かな自然景観,のんびりとした時間の流れ",1,0,0,1,0,0,,"自然の景観・体験,お祭り・イベント,地域住民との交流",1,0,0,0,1,1,0,,3,3,不満,,島に来て頂けたら非日常な生活を味わって欲しいです,フェリーを降りたら観光バス【マイクロバス等】があるともっと観光客の方が便利になるのではないか。,2025-11-26 15:24:09
1921,20,男性,60代,伊平屋村,建設業,,まったく思わない,とても思う,とても思う,とても思う,とても思う,とても思う,とても思う,とても思う,とても思う,とても思う,とても思う,やや思う,とても思う,とても思う,とても思う,どちらでもない,とても思う,とても思う,とても思う,とても思う,どちらでもない,あまり思わない,やや思う,とても思う,とても思う,"来訪者の消費額,来訪者の消費単価,延べ宿泊者数,来訪者満足度,リピーター率,住民満足度,地域への経済波及効果,活動実績",1,1,1,1,1,1,1,1,0,,0,"豊かな自然景観,地元の食文化,琉球の歴史・文化,のんびりとした時間の流れ,地域住民の人柄",1,1,1,1,1,0,,"自然の景観・体験,地元の料理,地域産品・お土産,伝統・文化,お祭り・イベント,地域住民との交流",1,1,1,1,1,1,0,,10,5,どちらでもない,,,伊平屋島への観光客誘客を検討してほしい。那霸空港→伊平屋島への交通ルート、もっと増やして欲しい、フェリの運行時間変更して欲しい。,2025-11-26 18:47:34
2030,21,男性,50代,伊江村,製造業,,やや思う,やや思う,やや思う,やや思う,とても思う,どちらでもない,どちらでもない,やや思う,あまり思わない,やや思う,やや思う,あまり思わない,やや思う,やや思う,どちらでもない,どちらでもない,あまり思わない,どちらでもない,やや思う,やや思う,どちらでもない,やや思う,どちらでもない,やや思う,あまり思わない,"リピーター率,住民満足度,地域への経済波及効果",0,0,0,0,1,1,1,0,0,,0,"豊かな自然景観,のんびりとした時間の流れ",1,0,0,1,0,0,,"自然の景観・体験,地元の料理,地域産品・お土産,伝統・文化",1,1,1,1,0,0,0,,7,5,満足,,,,2025-11-28 16:59:51
2182,22,女性,30代,名護市,公務,,やや思う,やや思う,やや思う,やや思う,やや思う,やや思う,やや思う,どちらでもない,どちらでもない,どちらでもない,やや思う,どちらでもない,どちらでもない,どちらでもない,どちらでもない,とても思う,とても思う,とても思う,やや思う,やや思う,どちらでもない,やや思う,やや思う,どちらでもない,やや思う,地域への経済波及効果,0,0,0,0,0,0,1,0,0,,0,豊かな自然景観,1,0,0,0,0,0,,自然の景観・体験,1,0,0,0,0,0,0,,7,9,満足,,,,2025-12-01 9:27:00
2215,23,女性,40代,宜野座村,金融業、保険業,,やや思う,やや思う,あまり思わない,どちらでもない,どちらでもない,あまり思わない,あまり思わない,どちらでもない,どちらでもない,あまり思わない,あまり思わない,あまり思わない,やや思う,あまり思わない,どちらでもない,やや思う,あまり思わない,どちらでもない,やや思う,どちらでもない,どちらでもない,あまり思わない,あまり思わない,どちらでもない,どちらでもない,"来訪者満足度,リピーター率,地域への経済波及効果,活動実績",0,0,0,1,1,0,1,1,0,,0,"豊かな自然景観,地元の食文化,のんびりとした時間の流れ,地域住民の人柄",1,1,0,1,1,0,,"自然の景観・体験,お祭り・イベント",1,0,0,0,1,0,0,,8,8,どちらでもない,,,,2025-12-01 18:36:38
2217,24,男性,50代,宜野座村,情報通信業,,やや思う,やや思う,やや思う,あまり思わない,どちらでもない,どちらでもない,あまり思わない,あまり思わない,やや思う,どちらでもない,どちらでもない,あまり思わない,どちらでもない,あまり思わない,どちらでもない,どちらでもない,どちらでもない,どちらでもない,どちらでもない,やや思う,どちらでもない,あまり思わない,あまり思わない,あまり思わない,あまり思わない,特になし,0,0,0,0,0,0,0,0,0,,1,"豊かな自然景観,のんびりとした時間の流れ",1,0,0,1,0,0,,自然の景観・体験,1,0,0,0,0,0,0,,6,6,どちらでもない,,,,2025-12-01 19:10:41
2219,25,男性,30代,宜野座村,公務,,やや思う,やや思う,やや思う,やや思う,やや思う,あまり思わない,やや思う,やや思う,あまり思わない,やや思う,あまり思わない,あまり思わない,どちらでもない,どちらでもない,やや思う,やや思う,あまり思わない,あまり思わない,あまり思わない,やや思う,やや思う,どちらでもない,あまり思わない,やや思う,あまり思わない,"来訪者の消費単価,地域への経済波及効果",0,1,0,0,0,0,1,0,0,,0,"豊かな自然景観,地域住民の人柄",1,0,0,0,1,0,,その他,0,0,0,0,0,0,1,何もしない,7,7,どちらでもない,,,,2025-12-01 19:21:15
2220,26,女性,40代,宜野座村,医療、福祉,,やや思う,やや思う,やや思う,やや思う,やや思う,どちらでもない,どちらでもない,どちらでもない,どちらでもない,やや思う,どちらでもない,どちらでもない,どちらでもない,どちらでもない,やや思う,やや思う,どちらでもない,どちらでもない,どちらでもない,やや思う,どちらでもない,どちらでもない,どちらでもない,やや思う,どちらでもない,"来訪者満足度,リピーター率",0,0,0,1,1,0,0,0,0,,0,"豊かな自然景観,地元の食文化,のんびりとした時間の流れ",1,1,0,1,0,0,,"自然の景観・体験,地元の料理,地域産品・お土産,伝統・文化,お祭り・イベント",1,1,1,1,1,0,0,,6,6,どちらでもない,,,,2025-12-01 19:39:32
2226,27,女性,40代,宜野座村,建設業,,やや思う,やや思う,やや思う,どちらでもない,あまり思わない,あまり思わない,どちらでもない,どちらでもない,あまり思わない,どちらでもない,どちらでもない,あまり思わない,やや思う,どちらでもない,まったく思わない,とても思う,やや思う,どちらでもない,あまり思わない,どちらでもない,どちらでもない,あまり思わない,あまり思わない,やや思う,どちらでもない,"来訪者の消費額,来訪者の消費単価,延べ宿泊者数,来訪者満足度,リピーター率,住民満足度,地域への経済波及効果",1,1,1,1,1,1,1,0,0,,0,"豊かな自然景観,地元の食文化,のんびりとした時間の流れ,地域住民の人柄",1,1,0,1,1,0,,自然の景観・体験,1,0,0,0,0,0,0,,7,7,どちらでもない,,,,2025-12-01 23:16:50
2258,28,男性,40代,今帰仁村,生活関連サービス業,,どちらでもない,どちらでもない,あまり思わない,あまり思わない,あまり思わない,あまり思わない,どちらでもない,どちらでもない,やや思う,やや思う,まったく思わない,まったく思わない,どちらでもない,まったく思わない,まったく思わない,どちらでもない,まったく思わない,どちらでもない,まったく思わない,どちらでもない,まったく思わない,まったく思わない,まったく思わない,どちらでもない,どちらでもない,地域への経済波及効果,0,0,0,0,0,0,1,0,0,,0,豊かな自然景観,1,0,0,0,0,0,,自然の景観・体験,1,0,0,0,0,0,0,,5,5,不満,,,,2025-12-02 17:02:10
2260,29,女性,30代,今帰仁村,医療、福祉,,とても思う,あまり思わない,あまり思わない,あまり思わない,あまり思わない,あまり思わない,あまり思わない,まったく思わない,あまり思わない,あまり思わない,あまり思わない,あまり思わない,どちらでもない,まったく思わない,あまり思わない,どちらでもない,あまり思わない,あまり思わない,あまり思わない,どちらでもない,あまり思わない,あまり思わない,まったく思わない,どちらでもない,あまり思わない,"来訪者の消費額,延べ宿泊者数,来訪者満足度,住民満足度,地域への経済波及効果,活動実績",1,0,1,1,0,1,1,1,0,,0,"豊かな自然景観,琉球の歴史・文化,のんびりとした時間の流れ,地域住民の人柄",1,0,1,1,1,0,,自然の景観・体験,1,0,0,0,0,0,0,,7,7,どちらでもない,のんびりとした時間と、のびのびとした環境で育てることができる。田舎さが残っていること。,とりあえず、自然が魅力。,普段買い物する場所が、観光客でいっぱい。お店側はいいと思うが、生活している住民からすると、少し減ってほしいな〜と思う時がよくある。あと県外からの移住者も制限してほしい。やんばるの良さがどんどんなくなっていく。,2025-12-02 18:41:44
2297,30,男性,70代,宜野座村,その他,建設業　定年退職,やや思う,とても思う,やや思う,とても思う,あまり思わない,あまり思わない,まったく思わない,まったく思わない,あまり思わない,あまり思わない,あまり思わない,まったく思わない,とても思う,まったく思わない,まったく思わない,あまり思わない,まったく思わない,まったく思わない,やや思う,まったく思わない,まったく思わない,まったく思わない,まったく思わない,やや思う,あまり思わない,"来訪者の消費額,来訪者の消費単価,来訪者満足度,リピーター率,地域への経済波及効果,活動実績",1,1,0,1,1,0,1,1,0,,0,"豊かな自然景観,琉球の歴史・文化,のんびりとした時間の流れ,地域住民の人柄",1,0,1,1,1,0,,"自然の景観・体験,地元の料理,地域産品・お土産,伝統・文化,地域住民との交流",1,1,1,1,0,1,0,,10,5,不満,,,,2025-12-03 18:31:34
2352,31,女性,60代,本部町,お仕事をされていない,,やや思う,やや思う,やや思う,やや思う,あまり思わない,やや思う,やや思う,あまり思わない,あまり思わない,あまり思わない,あまり思わない,あまり思わない,やや思う,あまり思わない,やや思う,とても思う,やや思う,やや思う,どちらでもない,やや思う,どちらでもない,あまり思わない,あまり思わない,あまり思わない,やや思う,"来訪者の消費額,来訪者の消費単価,来訪者満足度,リピーター率,住民満足度,地域への経済波及効果",1,1,0,1,1,1,1,0,0,,0,"豊かな自然景観,琉球の歴史・文化,のんびりとした時間の流れ,地域住民の人柄",1,0,1,1,1,0,,"自然の景観・体験,地元の料理,伝統・文化",1,1,0,1,0,0,0,,10,10,不満,"素晴らしい自然環境、特に自然ビーチややんばるの山々、川
海岸清掃を通して少しでも守っていきたいと考えています
自然を壊しての様々な開発はやめてもらいたいです
","やんばるの自然
琉球文化
沖縄の人々の優しさ",護岸工事や人工ビーチ、ホテル、美術館などの開発によって自然環境を壊すのは大切な観光資源を壊すことになるのでやめてもらいたいです,2025-12-05 8:25:16
2356,32,男性,40代,今帰仁村,製造業,,やや思う,やや思う,やや思う,やや思う,どちらでもない,あまり思わない,あまり思わない,どちらでもない,どちらでもない,あまり思わない,どちらでもない,あまり思わない,あまり思わない,どちらでもない,どちらでもない,やや思う,やや思う,どちらでもない,やや思う,やや思う,どちらでもない,あまり思わない,やや思う,どちらでもない,どちらでもない,"来訪者満足度,リピーター率,地域への経済波及効果",0,0,0,1,1,0,1,0,0,,0,"豊かな自然景観,琉球の歴史・文化,のんびりとした時間の流れ",1,0,1,1,0,0,,"自然の景観・体験,地域産品・お土産",1,0,1,0,0,0,0,,7,7,どちらでもない,,,,2025-12-05 9:42:00
2374,33,女性,40代,本部町,小売業,,とても思う,やや思う,やや思う,やや思う,あまり思わない,どちらでもない,どちらでもない,どちらでもない,あまり思わない,まったく思わない,やや思う,まったく思わない,どちらでもない,あまり思わない,どちらでもない,とても思う,とても思う,どちらでもない,やや思う,やや思う,どちらでもない,まったく思わない,まったく思わない,やや思う,どちらでもない,"来訪者の消費額,来訪者の消費単価,来訪者満足度,地域への経済波及効果,活動実績",1,1,0,1,0,0,1,1,0,,0,"豊かな自然景観,地元の食文化,琉球の歴史・文化,のんびりとした時間の流れ,地域住民の人柄",1,1,1,1,1,0,,"自然の景観・体験,地域産品・お土産,伝統・文化,お祭り・イベント,地域住民との交流",1,0,1,1,1,1,0,,10,9,満足,伝統文化、シヌグ、エイサー、ミキづくりなど,渡久地周りの風景が好きですが、全体的に寂れているので、それを含めた景色を見てもらえたら。。,素敵なお土産物屋さんがほぼない、夜飲食できるお店が全然ない、活力のある個人事業主が少ないのか気になります。,2025-12-05 17:34:10
2596,34,男性,40代,名護市,公務,,やや思う,どちらでもない,やや思う,とても思う,やや思う,やや思う,どちらでもない,どちらでもない,どちらでもない,どちらでもない,あまり思わない,あまり思わない,やや思う,あまり思わない,やや思う,とても思う,どちらでもない,やや思う,やや思う,とても思う,どちらでもない,あまり思わない,あまり思わない,とても思う,やや思う,"来訪者の消費額,来訪者の消費単価,延べ宿泊者数,来訪者満足度,リピーター率,住民満足度,地域への経済波及効果",1,1,1,1,1,1,1,0,0,,0,"豊かな自然景観,のんびりとした時間の流れ",1,0,0,1,0,0,,"自然の景観・体験,伝統・文化",1,0,0,1,0,0,0,,7,7,どちらでもない,中南部とは異なる自然,地域独自の祭事（地元住民が大事にしている文化）,観光客が特定の地域に偏っている。,2025-12-10 16:44:35
2597,35,男性,40代,本部町,お仕事をされていない,,とても思う,あまり思わない,あまり思わない,あまり思わない,とても思う,やや思う,どちらでもない,あまり思わない,まったく思わない,まったく思わない,あまり思わない,まったく思わない,やや思う,あまり思わない,とても思う,とても思う,やや思う,まったく思わない,まったく思わない,どちらでもない,あまり思わない,やや思う,どちらでもない,どちらでもない,どちらでもない,"来訪者の消費額,リピーター率,住民満足度,地域への経済波及効果",1,0,0,0,1,1,1,0,0,,0,"豊かな自然景観,のんびりとした時間の流れ",1,0,0,1,0,0,,"自然の景観・体験,お祭り・イベント",1,0,0,0,1,0,0,,5,5,どちらでもない,,,,2025-12-10 16:55:50
2599,36,男性,50代,今帰仁村,学術研究、専門、技術サービス業,,どちらでもない,どちらでもない,あまり思わない,どちらでもない,どちらでもない,あまり思わない,あまり思わない,あまり思わない,あまり思わない,やや思う,どちらでもない,あまり思わない,やや思う,どちらでもない,どちらでもない,やや思う,やや思う,どちらでもない,どちらでもない,どちらでもない,あまり思わない,やや思う,あまり思わない,あまり思わない,あまり思わない,"来訪者満足度,リピーター率,住民満足度,地域への経済波及効果",0,0,0,1,1,1,1,0,0,,0,"豊かな自然景観,琉球の歴史・文化,のんびりとした時間の流れ,地域住民の人柄",1,0,1,1,1,0,,"自然の景観・体験,伝統・文化,お祭り・イベント,地域住民との交流",1,0,0,1,1,1,0,,8,8,満足,"海、山などの自然環境
子どもたちのいる若い家族
豊年祭などの伝統文化","便利な場所ではない事が魅力
現状の自然を見てほしい","観光客の量より質を上げていくことが重要。
モラルの高い人が選んでくれる、ただ遊びたいだけの人には選ばれない観光地を目指すべき。",2025-12-10 17:10:06
2600,37,女性,20代,名護市,その他,広報,とても思う,とても思う,とても思う,やや思う,やや思う,どちらでもない,どちらでもない,やや思う,とても思う,やや思う,やや思う,やや思う,あまり思わない,まったく思わない,やや思う,とても思う,とても思う,どちらでもない,とても思う,やや思う,どちらでもない,とても思う,どちらでもない,どちらでもない,やや思う,"来訪者の消費額,延べ宿泊者数,来訪者満足度,リピーター率,地域への経済波及効果",1,0,1,1,1,0,1,0,0,,0,"豊かな自然景観,琉球の歴史・文化,のんびりとした時間の流れ",1,0,1,1,0,0,,"自然の景観・体験,伝統・文化",1,0,0,1,0,0,0,,8,9,満足,綺麗な海,綺麗な海・アクティビティ,安和地区の道が整備されていなくぼこぼこ,2025-12-10 17:13:45
2601,38,男性,50代,今帰仁村,その他,国・県施設指定管理業務,どちらでもない,どちらでもない,どちらでもない,どちらでもない,やや思う,どちらでもない,やや思う,やや思う,どちらでもない,どちらでもない,どちらでもない,どちらでもない,やや思う,どちらでもない,やや思う,どちらでもない,あまり思わない,どちらでもない,どちらでもない,どちらでもない,どちらでもない,やや思う,まったく思わない,どちらでもない,どちらでもない,"住民満足度,地域への経済波及効果",0,0,0,0,0,1,1,0,0,,0,"豊かな自然景観,のんびりとした時間の流れ",1,0,0,1,0,0,,"自然の景観・体験,その他",1,0,0,0,0,0,1,停まっているような時間の流れ,7,7,どちらでもない,開発されない場所・景観,なにもない事のすばらしさをわかって欲しい,住民の生活環境・生活エリア・利便性は保ちつつ、残すべき自然環境・エリアの保全を第一に考えた観光とその啓蒙・手法を模索して欲しい,2025-12-10 17:15:45
2602,39,男性,30代,名護市,娯楽業,,やや思う,とても思う,とても思う,やや思う,どちらでもない,あまり思わない,やや思う,やや思う,どちらでもない,あまり思わない,どちらでもない,どちらでもない,やや思う,やや思う,とても思う,とても思う,やや思う,とても思う,とても思う,とても思う,どちらでもない,どちらでもない,あまり思わない,やや思う,あまり思わない,活動実績,0,0,0,0,0,0,0,1,0,,0,豊かな自然景観,1,0,0,0,0,0,,"自然の景観・体験,伝統・文化",1,0,0,1,0,0,0,,4,4,どちらでもない,,,,2025-12-10 17:35:00
2603,40,男性,40代,名護市,学術研究、専門、技術サービス業,,やや思う,やや思う,どちらでもない,やや思う,あまり思わない,まったく思わない,あまり思わない,あまり思わない,どちらでもない,あまり思わない,あまり思わない,まったく思わない,どちらでもない,あまり思わない,やや思う,どちらでもない,どちらでもない,どちらでもない,あまり思わない,あまり思わない,あまり思わない,あまり思わない,まったく思わない,どちらでもない,どちらでもない,"来訪者の消費額,住民満足度,地域への経済波及効果",1,0,0,0,0,1,1,0,0,,0,"豊かな自然景観,のんびりとした時間の流れ",1,0,0,1,0,0,,自然の景観・体験,1,0,0,0,0,0,0,,10,8,不満,,,,2025-12-10 17:39:00
2604,41,女性,30代,名護市,小売業,,どちらでもない,あまり思わない,あまり思わない,どちらでもない,あまり思わない,まったく思わない,まったく思わない,まったく思わない,あまり思わない,あまり思わない,まったく思わない,あまり思わない,どちらでもない,まったく思わない,どちらでもない,どちらでもない,やや思う,やや思う,やや思う,まったく思わない,あまり思わない,あまり思わない,まったく思わない,どちらでもない,あまり思わない,"来訪者の消費額,来訪者の消費単価",1,1,0,0,0,0,0,0,0,,0,"豊かな自然景観,のんびりとした時間の流れ",1,0,0,1,0,0,,地域産品・お土産,0,0,1,0,0,0,0,,7,7,どちらでもない,,,,2025-12-10 17:57:26
2606,42,男性,50代,本部町,その他,海洋博公園・首里城公園等の施設管理運営,とても思う,とても思う,とても思う,とても思う,とても思う,とても思う,とても思う,とても思う,やや思う,やや思う,やや思う,やや思う,とても思う,どちらでもない,とても思う,とても思う,やや思う,どちらでもない,やや思う,とても思う,やや思う,やや思う,やや思う,やや思う,とても思う,"来訪者の消費額,来訪者の消費単価,来訪者満足度,リピーター率,住民満足度,地域への経済波及効果",1,1,0,1,1,1,1,0,0,,0,"豊かな自然景観,地元の食文化,琉球の歴史・文化,のんびりとした時間の流れ,地域住民の人柄",1,1,1,1,1,0,,"自然の景観・体験,地元の料理,伝統・文化,お祭り・イベント,地域住民との交流",1,1,0,1,1,1,0,,8,10,満足,自然環境保護,"自然（海・滝・植物）
地域住民の人柄","・国際通り屋台村のような地域住民と観光客がふれあえる場があるとよい。
・地域住民と観光客を参加型したイベントが開催されるとよい。
",2025-12-10 18:14:32
2608,43,女性,30代,名護市,娯楽業,,とても思う,やや思う,やや思う,やや思う,やや思う,どちらでもない,とても思う,やや思う,あまり思わない,あまり思わない,まったく思わない,あまり思わない,やや思う,どちらでもない,とても思う,とても思う,とても思う,とても思う,とても思う,やや思う,やや思う,あまり思わない,どちらでもない,あまり思わない,どちらでもない,地域への経済波及効果,0,0,0,0,0,0,1,0,0,,0,豊かな自然景観,1,0,0,0,0,0,,自然の景観・体験,1,0,0,0,0,0,0,,5,5,どちらでもない,,,,2025-12-10 18:44:44
2611,44,男性,50代,名護市,その他,獣医師,どちらでもない,やや思う,どちらでもない,とても思う,やや思う,あまり思わない,あまり思わない,やや思う,やや思う,とても思う,やや思う,まったく思わない,どちらでもない,あまり思わない,やや思う,とても思う,どちらでもない,やや思う,どちらでもない,とても思う,どちらでもない,やや思う,やや思う,どちらでもない,どちらでもない,"来訪者の消費額,来訪者の消費単価,延べ宿泊者数,来訪者満足度,リピーター率,住民満足度,地域への経済波及効果,活動実績",1,1,1,1,1,1,1,1,0,,0,"豊かな自然景観,地元の食文化,のんびりとした時間の流れ",1,1,0,1,0,0,,"自然の景観・体験,地元の料理",1,1,0,0,0,0,0,,8,7,満足,自然の豊かさ,自然の豊かさ,観光客やインバウンドを目当てにした観光産業はいずれ衰退することは明らかであるため、それらに依存しないものを生み出すべきである。,2025-12-11 6:49:30
2615,45,女性,40代,名護市,学術研究、専門、技術サービス業,,やや思う,やや思う,やや思う,やや思う,どちらでもない,やや思う,どちらでもない,どちらでもない,やや思う,やや思う,やや思う,やや思う,やや思う,どちらでもない,どちらでもない,とても思う,とても思う,やや思う,どちらでもない,やや思う,どちらでもない,あまり思わない,どちらでもない,やや思う,あまり思わない,"来訪者満足度,リピーター率,住民満足度,地域への経済波及効果",0,0,0,1,1,1,1,0,0,,0,"豊かな自然景観,地元の食文化,のんびりとした時間の流れ,地域住民の人柄",1,1,0,1,1,0,,"自然の景観・体験,地域産品・お土産,伝統・文化",1,0,1,1,0,0,0,,6,6,どちらでもない,,,,2025-12-11 8:32:32
2617,46,女性,40代,名護市,その他,設備関連,どちらでもない,どちらでもない,どちらでもない,どちらでもない,やや思う,やや思う,あまり思わない,やや思う,やや思う,あまり思わない,あまり思わない,まったく思わない,やや思う,まったく思わない,やや思う,とても思う,あまり思わない,あまり思わない,あまり思わない,やや思う,まったく思わない,まったく思わない,どちらでもない,まったく思わない,どちらでもない,"来訪者満足度,リピーター率,住民満足度,地域への経済波及効果",0,0,0,1,1,1,1,0,0,,0,"豊かな自然景観,のんびりとした時間の流れ",1,0,0,1,0,0,,自然の景観・体験,1,0,0,0,0,0,0,,7,5,どちらでもない,,,,2025-12-11 9:06:15
2618,47,男性,40代,今帰仁村,その他,観光業,やや思う,やや思う,やや思う,やや思う,あまり思わない,あまり思わない,まったく思わない,まったく思わない,まったく思わない,やや思う,まったく思わない,やや思う,やや思う,まったく思わない,やや思う,とても思う,まったく思わない,やや思う,やや思う,あまり思わない,あまり思わない,やや思う,まったく思わない,とても思う,とても思う,"延べ宿泊者数,来訪者満足度,住民満足度,地域への経済波及効果",0,0,1,1,0,1,1,0,0,,0,"豊かな自然景観,地元の食文化,琉球の歴史・文化,のんびりとした時間の流れ,地域住民の人柄",1,1,1,1,1,0,,"自然の景観・体験,地元の料理,伝統・文化,お祭り・イベント,地域住民との交流",1,1,0,1,1,1,0,,10,7,大変満足,"豊かな自然と人の良さ、各地に根付いた伝統や文化であると感じている。

",,,2025-12-11 9:10:37
2619,48,男性,30代,名護市,その他,公園管理等,やや思う,やや思う,やや思う,やや思う,とても思う,あまり思わない,あまり思わない,やや思う,やや思う,やや思う,やや思う,あまり思わない,やや思う,まったく思わない,やや思う,やや思う,あまり思わない,あまり思わない,あまり思わない,あまり思わない,あまり思わない,やや思う,まったく思わない,あまり思わない,あまり思わない,"来訪者の消費額,延べ宿泊者数,来訪者満足度,住民満足度,地域への経済波及効果,活動実績",1,0,1,1,0,1,1,1,0,,0,豊かな自然景観,1,0,0,0,0,0,,"自然の景観・体験,お祭り・イベント",1,0,0,0,1,0,0,,7,8,どちらでもない,,,,2025-12-11 9:17:35
2620,49,男性,40代,名護市,学術研究、専門、技術サービス業,,とても思う,とても思う,とても思う,とても思う,どちらでもない,やや思う,どちらでもない,やや思う,やや思う,やや思う,どちらでもない,あまり思わない,やや思う,まったく思わない,やや思う,とても思う,やや思う,あまり思わない,やや思う,どちらでもない,あまり思わない,どちらでもない,あまり思わない,あまり思わない,あまり思わない,"来訪者の消費額,延べ宿泊者数,来訪者満足度,リピーター率,地域への経済波及効果",1,0,1,1,1,0,1,0,0,,0,"豊かな自然景観,地元の食文化",1,1,0,0,0,0,,"自然の景観・体験,地域産品・お土産",1,0,1,0,0,0,0,,8,8,不満,,,"持続可能な観光地として存続させるための長期的ビジョンが見えない。自然遺産に登録されているのにもかかわらず、生かされていない、知られていない（地元に）と感じます。まずは地元のやんばるの人々が自分の近くにある自然や文化、環境などに感動し、学べる、体験できる仕組みを作るとよいと思う。現在もあるかも知れないが、普通に生活しているとまったくその情報は入ってこないです。
一度でも「感動」を知ることができれば、観光へ来る方、検討している方への情報提供をしたくなる「わかちあい」と考えます。",2025-12-11 9:34:16
2621,50,男性,30代,名護市,教育、学習支援業,,どちらでもない,あまり思わない,まったく思わない,あまり思わない,あまり思わない,まったく思わない,あまり思わない,あまり思わない,あまり思わない,あまり思わない,あまり思わない,あまり思わない,どちらでもない,あまり思わない,あまり思わない,まったく思わない,まったく思わない,まったく思わない,まったく思わない,まったく思わない,まったく思わない,まったく思わない,まったく思わない,あまり思わない,あまり思わない,"来訪者の消費額,来訪者の消費単価,リピーター率,住民満足度,地域への経済波及効果",1,1,0,0,1,1,1,0,0,,0,のんびりとした時間の流れ,0,0,0,1,0,0,,地域産品・お土産,0,0,1,0,0,0,0,,5,5,大変不満,,,やんばる地域の特徴の一つとして、固有の自然と人の暮らしが非常に近い、というところが上げられる思います。観光産業を持続可能にするためには、過疎化が進む地域の住環境や景観の維持、農林水産業の担い手の確保、教育や機会格差の是正、といった分野への投資が不可欠です。,2025-12-11 10:27:11
2624,51,男性,30代,今帰仁村,その他,施設管理業務,どちらでもない,どちらでもない,どちらでもない,どちらでもない,やや思う,どちらでもない,あまり思わない,やや思う,あまり思わない,とても思う,やや思う,どちらでもない,どちらでもない,あまり思わない,やや思う,どちらでもない,やや思う,やや思う,どちらでもない,どちらでもない,どちらでもない,あまり思わない,あまり思わない,あまり思わない,あまり思わない,"来訪者の消費額,来訪者の消費単価,延べ宿泊者数,来訪者満足度,リピーター率,地域への経済波及効果",1,1,1,1,1,0,1,0,0,,0,"豊かな自然景観,地元の食文化,のんびりとした時間の流れ",1,1,0,1,0,0,,"自然の景観・体験,伝統・文化",1,0,0,1,0,0,0,,5,5,不満,,,,2025-12-11 11:19:49
2625,52,男性,40代,伊平屋村,公務,,やや思う,やや思う,やや思う,やや思う,やや思う,とても思う,どちらでもない,やや思う,あまり思わない,どちらでもない,まったく思わない,どちらでもない,どちらでもない,やや思う,やや思う,あまり思わない,やや思う,やや思う,やや思う,やや思う,どちらでもない,どちらでもない,どちらでもない,やや思う,あまり思わない,"来訪者の消費額,来訪者の消費単価,来訪者満足度,地域への経済波及効果",1,1,0,1,0,0,1,0,0,,0,"豊かな自然景観,のんびりとした時間の流れ,地域住民の人柄",1,0,0,1,1,0,,"自然の景観・体験,お祭り・イベント",1,0,0,0,1,0,0,,6,6,どちらでもない,,辺境地を押し出し、観光PRしていくべき,,2025-12-11 11:20:19
2633,53,男性,30代,名護市,学術研究、専門、技術サービス業,,やや思う,あまり思わない,あまり思わない,あまり思わない,とても思う,まったく思わない,まったく思わない,まったく思わない,とても思う,まったく思わない,まったく思わない,どちらでもない,あまり思わない,まったく思わない,やや思う,とても思う,やや思う,どちらでもない,どちらでもない,どちらでもない,やや思う,まったく思わない,まったく思わない,まったく思わない,まったく思わない,特になし,0,0,0,0,0,0,0,0,0,,1,"豊かな自然景観,地元の食文化,琉球の歴史・文化,のんびりとした時間の流れ,地域住民の人柄,その他",1,1,1,1,1,1,生物多様性の豊かさ,"地元の料理,地域産品・お土産",0,1,1,0,0,0,0,,7,5,大変不満,,野生生物との交通事故に最大限の注意を払ってほしい。なるべくやんばるに行かないでほしい。,本部町から名護に入る道が渋滞する,2025-12-11 12:19:28
2639,54,男性,30代,宜野座村,その他,観光業,とても思う,どちらでもない,どちらでもない,どちらでもない,とても思う,とても思う,まったく思わない,どちらでもない,やや思う,あまり思わない,やや思う,まったく思わない,やや思う,まったく思わない,とても思う,あまり思わない,あまり思わない,まったく思わない,まったく思わない,どちらでもない,まったく思わない,やや思う,まったく思わない,まったく思わない,まったく思わない,"来訪者の消費単価,延べ宿泊者数,住民満足度,地域への経済波及効果",0,1,1,0,0,1,1,0,0,,0,"豊かな自然景観,のんびりとした時間の流れ",1,0,0,1,0,0,,"自然の景観・体験,地元の料理,地域産品・お土産",1,1,1,0,0,0,0,,5,5,どちらでもない,,,"観光客の誘客と同時に交通サービスの拡充や道路などインフラ整備を同時に実施してほしい。
世界自然遺産等の観光利用は富士山などで発生したゴミ問題などの課題を踏まえ体制を整備したうえで誘客してほしい",2025-12-11 13:46:03
2647,55,女性,40代,名護市,その他,公園管理,とても思う,やや思う,やや思う,やや思う,やや思う,あまり思わない,やや思う,やや思う,やや思う,あまり思わない,あまり思わない,あまり思わない,やや思う,あまり思わない,やや思う,とても思う,どちらでもない,どちらでもない,どちらでもない,どちらでもない,やや思う,どちらでもない,あまり思わない,やや思う,やや思う,"来訪者の消費単価,来訪者満足度,住民満足度,地域への経済波及効果",0,1,0,1,0,1,1,0,0,,0,"豊かな自然景観,のんびりとした時間の流れ,地域住民の人柄",1,0,0,1,1,0,,"自然の景観・体験,伝統・文化,お祭り・イベント",1,0,0,1,1,0,0,,9,7,満足,豊かな自然と豊年祭などの伝統文化,多様な自然と豊年祭などの伝統文化,やんばるの観光は都市部にはない田舎の観光だと思う。なので、都市部にあるものは必要ない。都市部に惹かれる人が来ると問題が起こりそうで怖い。,2025-12-11 17:11:14
2651,56,男性,30代,本部町,その他,観光施設,とても思う,とても思う,とても思う,とても思う,とても思う,とても思う,とても思う,とても思う,どちらでもない,やや思う,やや思う,どちらでもない,とても思う,あまり思わない,やや思う,とても思う,とても思う,とても思う,とても思う,とても思う,やや思う,やや思う,やや思う,やや思う,やや思う,"来訪者の消費額,来訪者の消費単価,延べ宿泊者数,来訪者満足度,リピーター率,住民満足度,地域への経済波及効果,活動実績,その他",1,1,1,1,1,1,1,1,1,交通手段の充実とその進捗具合（過去と比べてどのくらいの交通手段が充実されていて、どのくらいの利用者（北部地域への来訪者）があったか、また今後どのように展開していく予定なのか）,0,"豊かな自然景観,地元の食文化,のんびりとした時間の流れ,地域住民の人柄",1,1,0,1,1,0,,その他,0,0,0,0,0,0,1,"豊かな自然の中に身を置くことで、沖縄を観光する中でモノを消費するだけではなくそこで""時間を過ごす""ことに楽しさを見出してほしい。人生が豊かになる。",7,8,満足,いつ見ても綺麗な海。そこに落ちる夕陽。夜は星がいっぱいの夜空。,やんばるに住むくらいやんばるを好きになってください。美ら海水族館だけじゃないですよ。,立地の良い場所に資本を持つ事業者がホテル開発を行うケースが目立つ。ホテルはあくまでも一過性の滞在でしかなく、恒久的に地域経済へ影響を与えるものではない。理想はやんばる地域の住人が増え、観光客のみでなく地域の人で経済が回るようになってほしい。やんばる地域の経済力+観光客の経済力が合わさったかたちこそが理想的な姿だと思う。もっとやんばる地域に人が増えるべき。,2025-12-11 19:16:32
2659,57,女性,40代,本部町,その他,観光業,やや思う,どちらでもない,どちらでもない,どちらでもない,やや思う,やや思う,あまり思わない,どちらでもない,やや思う,やや思う,やや思う,あまり思わない,やや思う,あまり思わない,どちらでもない,とても思う,どちらでもない,どちらでもない,どちらでもない,やや思う,やや思う,あまり思わない,あまり思わない,あまり思わない,あまり思わない,住民満足度,0,0,0,0,0,1,0,0,0,,0,"豊かな自然景観,のんびりとした時間の流れ,地域住民の人柄",1,0,0,1,1,0,,"地元の料理,地域産品・お土産,お祭り・イベント",0,1,1,0,1,0,0,,7,8,どちらでもない,,,"観光客が増えるのは良いことだと思いますが、自然環境への影響が心配です。
山原の自然を守りながら、観光客の誘致にもつながればと思います。
観光客が増えると、特に、外国からの観光客によって外来種が持ち込まれ、生態系が変わる可能性がある。いなくなる恐れがある。それだけはどうしても避けたいと強く思います。",2025-12-12 10:01:33
2666,58,女性,40代,名護市,学術研究、専門、技術サービス業,,あまり思わない,あまり思わない,あまり思わない,やや思う,あまり思わない,まったく思わない,あまり思わない,どちらでもない,あまり思わない,どちらでもない,どちらでもない,あまり思わない,やや思う,あまり思わない,あまり思わない,やや思う,あまり思わない,あまり思わない,あまり思わない,あまり思わない,あまり思わない,あまり思わない,あまり思わない,どちらでもない,やや思う,"来訪者の消費額,来訪者の消費単価,延べ宿泊者数,リピーター率,地域への経済波及効果",1,1,1,0,1,0,1,0,0,,0,"豊かな自然景観,地元の食文化,琉球の歴史・文化",1,1,1,0,0,0,,"自然の景観・体験,地元の料理,地域産品・お土産,伝統・文化,お祭り・イベント",1,1,1,1,1,0,0,,8,6,大変不満,公立学校に通う小中学校生が地域の方たちと連携した授業プログラムを受講できること。,安っぽい観光PRではなく、世界自然遺産に登録されたやんばる地域の生態系、環境、文化的景観についての説明、保全のためにどのように取り組んでいるのか具体的に伝えてほしい。,"沿岸域の環境を汚染しないために、下水道を早急に整えること。また、海岸を占有するホテル・リゾートの建設、私有地化は反対する。
辺野古の米軍基地の建設が今後も続き、現在のように台湾有事の危険性が高まると、観光振興は難しいと思う。基地建設に伴い、景観はとても悪くなっている。大型工事車両が地域を走行するのが常態となっており、道路・環境状態、景観に関してかなりマイナス印象を与える。",2025-12-12 11:31:12
2668,59,男性,50代,名護市,生活関連サービス業,,とても思う,やや思う,やや思う,やや思う,やや思う,どちらでもない,やや思う,やや思う,やや思う,あまり思わない,あまり思わない,どちらでもない,やや思う,あまり思わない,やや思う,とても思う,どちらでもない,やや思う,とても思う,とても思う,どちらでもない,あまり思わない,どちらでもない,やや思う,やや思う,"来訪者の消費額,来訪者の消費単価,来訪者満足度,リピーター率,住民満足度,地域への経済波及効果",1,1,0,1,1,1,1,0,0,,0,"豊かな自然景観,のんびりとした時間の流れ",1,0,0,1,0,0,,自然の景観・体験,1,0,0,0,0,0,0,,5,4,どちらでもない,,,,2025-12-12 12:16:25
2672,60,男性,40代,大宜味村,お仕事をされていない,,あまり思わない,あまり思わない,あまり思わない,どちらでもない,どちらでもない,あまり思わない,どちらでもない,どちらでもない,あまり思わない,どちらでもない,まったく思わない,まったく思わない,あまり思わない,やや思う,あまり思わない,まったく思わない,やや思う,あまり思わない,まったく思わない,あまり思わない,あまり思わない,あまり思わない,あまり思わない,あまり思わない,まったく思わない,特になし,0,0,0,0,0,0,0,0,0,,1,"豊かな自然景観,地元の食文化,琉球の歴史・文化,のんびりとした時間の流れ,地域住民の人柄",1,1,1,1,1,0,,"自然の景観・体験,地域住民との交流",1,0,0,0,0,1,0,,9,9,どちらでもない,,,,2025-12-12 13:38:11
2688,61,女性,60代,名護市,学術研究、専門、技術サービス業,,とても思う,やや思う,やや思う,とても思う,どちらでもない,どちらでもない,どちらでもない,どちらでもない,どちらでもない,あまり思わない,どちらでもない,あまり思わない,やや思う,あまり思わない,どちらでもない,とても思う,とても思う,とても思う,やや思う,とても思う,あまり思わない,あまり思わない,あまり思わない,どちらでもない,やや思う,"来訪者の消費額,来訪者の消費単価,延べ宿泊者数,来訪者満足度,リピーター率,住民満足度,地域への経済波及効果",1,1,1,1,1,1,1,0,0,,0,"豊かな自然景観,地元の食文化,琉球の歴史・文化,のんびりとした時間の流れ,地域住民の人柄",1,1,1,1,1,0,,"自然の景観・体験,地元の料理,伝統・文化,お祭り・イベント,地域住民との交流",1,1,0,1,1,1,0,,8,8,満足,移住者の為、まだ居住している期間は短いが、美ら海水族館をはじめ自然の美しさは誇りに思っている。やんばるの国頭村などはまだ行ったことが無いので行ってみたい。名護市は家賃が高い割には都会とも言い切れず、中途半端な印象。,亜熱帯地方独自の植物の面白さ。海だけではなくマングローブ林のカヌー体験や果物が豊富なので、バナナやパパイヤ、マンゴーなど味わってほしい。,"バナナやパパイヤ、マンゴーなどフルーツ狩りを体験したい。
名護市にカルディ、ニトリ、映画館には参入してほしい。
新幹線をなら那覇→名護間１５分から２０分で行けるのでは？",2025-12-12 17:27:42
2689,62,女性,60代,今帰仁村,医療、福祉,,どちらでもない,どちらでもない,どちらでもない,やや思う,どちらでもない,あまり思わない,やや思う,あまり思わない,やや思う,まったく思わない,あまり思わない,まったく思わない,やや思う,やや思う,どちらでもない,とても思う,どちらでもない,とても思う,あまり思わない,どちらでもない,どちらでもない,どちらでもない,どちらでもない,やや思う,やや思う,"延べ宿泊者数,来訪者満足度,リピーター率,住民満足度",0,0,1,1,1,1,0,0,0,,0,"豊かな自然景観,琉球の歴史・文化,のんびりとした時間の流れ",1,0,1,1,0,0,,自然の景観・体験,1,0,0,0,0,0,0,,8,9,どちらでもない,"・今帰仁城
・海洋博公園・沖縄美ら海水族館
・緋寒桜
・古宇利島・伊是名・伊平屋島の伝説
・伊江島タッチュウ（沖縄戦歴史）
・辺戸岬までの村民が大切にしている文化
・今帰仁野菜",上記同様,"海洋博公園前または水族館前にバスターミナル
名護市内⇄本部町モノレール
北部に飛行場",2025-12-12 17:41:01
2770,63,女性,50代,今帰仁村,娯楽業,,やや思う,とても思う,とても思う,とても思う,やや思う,やや思う,やや思う,やや思う,やや思う,やや思う,やや思う,やや思う,とても思う,やや思う,やや思う,とても思う,どちらでもない,やや思う,とても思う,とても思う,やや思う,やや思う,どちらでもない,とても思う,やや思う,地域への経済波及効果,0,0,0,0,0,0,1,0,0,,0,"豊かな自然景観,地元の食文化,地域住民の人柄",1,1,0,0,1,0,,"自然の景観・体験,地元の料理,伝統・文化,お祭り・イベント,地域住民との交流",1,1,0,1,1,1,0,,8,8,満足,北山城　海　食文化,ルールやマナーを遵守してほしいです。,,2025-12-14 14:28:35
2772,64,男性,40代,名護市,その他,観光業,どちらでもない,やや思う,どちらでもない,どちらでもない,とても思う,あまり思わない,どちらでもない,まったく思わない,やや思う,やや思う,あまり思わない,どちらでもない,とても思う,あまり思わない,やや思う,とても思う,やや思う,あまり思わない,あまり思わない,やや思う,どちらでもない,やや思う,あまり思わない,どちらでもない,あまり思わない,"来訪者満足度,リピーター率,住民満足度,地域への経済波及効果",0,0,0,1,1,1,1,0,0,,0,"豊かな自然景観,地元の食文化,琉球の歴史・文化,のんびりとした時間の流れ,地域住民の人柄",1,1,1,1,1,0,,"自然の景観・体験,地元の料理,地域産品・お土産,伝統・文化,お祭り・イベント,地域住民との交流",1,1,1,1,1,1,0,,5,4,不満,,,,2025-12-14 15:09:18
2783,65,女性,30代,名護市,学術研究、専門、技術サービス業,,やや思う,やや思う,やや思う,やや思う,あまり思わない,あまり思わない,あまり思わない,あまり思わない,どちらでもない,やや思う,あまり思わない,あまり思わない,やや思う,あまり思わない,あまり思わない,やや思う,あまり思わない,どちらでもない,あまり思わない,どちらでもない,あまり思わない,やや思う,あまり思わない,あまり思わない,あまり思わない,"来訪者の消費単価,来訪者満足度,リピーター率,住民満足度,地域への経済波及効果,活動実績",0,1,0,1,1,1,1,1,0,,0,"豊かな自然景観,のんびりとした時間の流れ",1,0,0,1,0,0,,"自然の景観・体験,地元の料理,地域産品・お土産",1,1,1,0,0,0,0,,5,5,不満,,,北部の空港跡地を再利用し、内地からの飛行機を発着させてほしい。主要道路の混雑緩和ややんばる地域への滞在が増えることに繋がり、移動時間の短縮によって消費金額も増えて、地元への還元も大きくなるのではないかと思う。,2025-12-14 17:05:20
2827,66,男性,40代,名護市,建設業,,やや思う,やや思う,やや思う,やや思う,あまり思わない,どちらでもない,どちらでもない,どちらでもない,あまり思わない,どちらでもない,どちらでもない,あまり思わない,あまり思わない,あまり思わない,あまり思わない,やや思う,どちらでもない,やや思う,どちらでもない,どちらでもない,あまり思わない,あまり思わない,あまり思わない,どちらでもない,どちらでもない,住民満足度,0,0,0,0,0,1,0,0,0,,0,豊かな自然景観,1,0,0,0,0,0,,"自然の景観・体験,地域産品・お土産,お祭り・イベント",1,0,1,0,1,0,0,,5,5,どちらでもない,,,,2025-12-15 17:05:39
2832,67,男性,50代,名護市,宿泊業,,まったく思わない,どちらでもない,どちらでもない,どちらでもない,どちらでもない,どちらでもない,どちらでもない,どちらでもない,あまり思わない,やや思う,やや思う,どちらでもない,どちらでもない,どちらでもない,とても思う,どちらでもない,とても思う,どちらでもない,どちらでもない,どちらでもない,どちらでもない,とても思う,どちらでもない,どちらでもない,どちらでもない,"来訪者満足度,リピーター率,活動実績,特になし",0,0,0,1,1,0,0,1,0,,1,その他,0,0,0,0,0,1,現状の自然を認識できている住民はいますか？,その他,0,0,0,0,0,0,1,無し,3,2,どちらでもない,,,観光産業とは、産業そのもので、外貨収入という側面も持っているものだと思います。山を観光産業の中心とするのであれば、その専門性や過去の歴史・文化について、教えていただけますか。,2025-12-15 20:49:01
2833,68,男性,40代,名護市,情報通信業,,あまり思わない,あまり思わない,あまり思わない,あまり思わない,あまり思わない,まったく思わない,まったく思わない,まったく思わない,やや思う,やや思う,まったく思わない,まったく思わない,まったく思わない,まったく思わない,どちらでもない,まったく思わない,まったく思わない,まったく思わない,どちらでもない,どちらでもない,どちらでもない,まったく思わない,まったく思わない,まったく思わない,まったく思わない,その他,0,0,0,0,0,0,0,0,1,環境へのダメージ,0,"豊かな自然景観,のんびりとした時間の流れ,地域住民の人柄",1,0,0,1,1,0,,自然の景観・体験,1,0,0,0,0,0,0,,10,9,大変不満,,,環境へのダメージがあり持続可能ではない。やんばる観光税の導入により、自然環境の保全に努め、持続可能なものにすべき,2025-12-16 0:43:42
2836,69,男性,50代,名護市,建設業,,あまり思わない,あまり思わない,あまり思わない,どちらでもない,どちらでもない,あまり思わない,あまり思わない,あまり思わない,どちらでもない,やや思う,どちらでもない,やや思う,あまり思わない,どちらでもない,どちらでもない,やや思う,どちらでもない,どちらでもない,どちらでもない,どちらでもない,あまり思わない,どちらでもない,あまり思わない,どちらでもない,どちらでもない,地域への経済波及効果,0,0,0,0,0,0,1,0,0,,0,豊かな自然景観,1,0,0,0,0,0,,自然の景観・体験,1,0,0,0,0,0,0,,5,5,どちらでもない,海・山,海・山,,2025-12-16 8:01:50
2837,70,男性,50代,名護市,公務,,やや思う,やや思う,やや思う,やや思う,やや思う,やや思う,やや思う,やや思う,やや思う,どちらでもない,どちらでもない,どちらでもない,やや思う,やや思う,やや思う,とても思う,やや思う,どちらでもない,やや思う,やや思う,やや思う,やや思う,やや思う,やや思う,やや思う,来訪者の消費単価,0,1,0,0,0,0,0,0,0,,0,"地元の食文化,のんびりとした時間の流れ",0,1,0,1,0,0,,"自然の景観・体験,地元の料理,地域産品・お土産",1,1,1,0,0,0,0,,7,7,満足,,,,2025-12-16 8:09:22
2838,71,女性,40代,名護市,その他,事務職,あまり思わない,まったく思わない,まったく思わない,やや思う,あまり思わない,まったく思わない,あまり思わない,あまり思わない,まったく思わない,あまり思わない,あまり思わない,あまり思わない,あまり思わない,どちらでもない,あまり思わない,やや思う,まったく思わない,まったく思わない,まったく思わない,どちらでもない,あまり思わない,あまり思わない,まったく思わない,あまり思わない,まったく思わない,"来訪者の消費額,来訪者の消費単価,来訪者満足度,リピーター率,住民満足度,地域への経済波及効果,活動実績",1,1,0,1,1,1,1,1,0,,0,"豊かな自然景観,地元の食文化,琉球の歴史・文化,のんびりとした時間の流れ,地域住民の人柄",1,1,1,1,1,0,,自然の景観・体験,1,0,0,0,0,0,0,,5,5,どちらでもない,海、山、伝統行事,"やんばるの、ゆったりと流れる時間、自然の海や星空が魅力ですが、ホテルができると人工物の明かりが増えて、星が見えにくくなります。
観光客が増えると、地元の癒しの海が荒らされます。そう考えると、魅力は伝えたくないです。",やんばるの自然はいじらずに、それを魅力として、場所を選んで観光誘致をしてほしい。観光発展していくのはいいが、都会と変わらない物をつくってしまったら、どこへ行っても同じだと思う。その土地に必要なインフラ整備、環境つくりをお願いしたいです、観光も大事だけど、地元の人が暮らしやすい名護市をお願いします。,2025-12-16 9:32:26
2883,72,男性,40代,本部町,飲食サービス業,,とても思う,やや思う,やや思う,とても思う,やや思う,まったく思わない,あまり思わない,どちらでもない,やや思う,どちらでもない,まったく思わない,やや思う,とても思う,とても思う,どちらでもない,とても思う,どちらでもない,どちらでもない,どちらでもない,どちらでもない,どちらでもない,どちらでもない,まったく思わない,とても思う,やや思う,"来訪者の消費単価,リピーター率,地域への経済波及効果",0,1,0,0,1,0,1,0,0,,0,"豊かな自然景観,地元の食文化,のんびりとした時間の流れ",1,1,0,1,0,0,,"自然の景観・体験,地元の料理,地域産品・お土産,伝統・文化,地域住民との交流",1,1,1,1,0,1,0,,10,10,大変満足,私は本部町の町営市場で働いています。市場には地元の人もインバウンドのお客も国内観光客もやって来て自然と交流生まれます。本部町営市場が誇りです。,山原にはまだ『観光地化』され過ぎていない環境がまだ残っています。自然体な沖縄の姿を感じて下さい,本部町営市場が取り壊される計画です。再整備よりも保存活用のほうが価値があると思います。,2025-12-17 8:33:40
2885,73,女性,20代,本部町,公務,,やや思う,やや思う,とても思う,とても思う,やや思う,どちらでもない,やや思う,あまり思わない,やや思う,やや思う,あまり思わない,あまり思わない,やや思う,あまり思わない,とても思う,とても思う,やや思う,どちらでもない,やや思う,とても思う,あまり思わない,やや思う,あまり思わない,とても思う,やや思う,"来訪者の消費単価,リピーター率,地域への経済波及効果",0,1,0,0,1,0,1,0,0,,0,"豊かな自然景観,地元の食文化,のんびりとした時間の流れ,地域住民の人柄",1,1,0,1,1,0,,"自然の景観・体験,地元の料理,地域産品・お土産,伝統・文化,お祭り・イベント,地域住民との交流",1,1,1,1,1,1,0,,7,8,満足,"地域の人の温かさ
豊かな自然
ゆっくりと流れる時間
移住者や観光客を受け入れるマインド",”消費する”観光だけではなく、その土地の時間の流れを感じることや、地域のひととのかかわりを持ってみるなど、”交わる”観光をしてみても面白い町だと思います。,"観光客と地域の間に線引きがあるような気がする。
例）観光客の行く店に地元の人はいかない/逆もしかり
生活圏内の心理的安全性は確保しつつ、緩やかに観光客と地域の方々が交わる場所や雰囲気をつくっていければなぁと思います。",2025-12-17 9:19:41
2886,74,女性,40代,名護市,生活関連サービス業,,どちらでもない,やや思う,あまり思わない,あまり思わない,あまり思わない,あまり思わない,あまり思わない,あまり思わない,あまり思わない,あまり思わない,あまり思わない,あまり思わない,あまり思わない,あまり思わない,あまり思わない,やや思う,あまり思わない,あまり思わない,あまり思わない,あまり思わない,あまり思わない,あまり思わない,あまり思わない,あまり思わない,あまり思わない,"地域への経済波及効果,活動実績,その他",0,0,0,0,0,0,1,1,1,プロモーション活動等積極的に行っていると思いますが、その効果が実感としてあまり感じられません。プロモーション活動って「これだけの効果があって、こんな成果につながっているんですね！」プロモーションはやっぱり必要なんだ！と唸らせるような効果の見せ方を期待します。,0,のんびりとした時間の流れ,0,0,0,1,0,0,,自然の景観・体験,1,0,0,0,0,0,0,,7,7,不満,,,日頃の生活の中で、やんばるが「持続可能な観光地」として、どこを目指しているのか、どこに注力したいのか、ほとんど考えることはありませんし、伝わってくることもありません。現時点で「どのような観光地を目指すか」というのが、地元住民に委ねられてわけではなく、「持続可能な観光地」ありきであるのであれば、言葉だけを一人歩きさせるのではなく、そこに暮らす人々やそこを訪れる人々等がここやんばるでは「このような持続可能な観光地が目指されており、そのためにそこにいる人々にはどういうことに意識する必要があり、そこを訪れる人もまた、どのような振る舞いが求められるのか」ということ共通認識が必要だと感じています。観光客を呼びこむだけではなく、観光客を迎える地元側の醸成の高まりについても同時に尽力しないといけないって、とても大変だと思います。どうすれば多くの人たちを巻き込みながら、みんなが「自分ゴト」として観光について考えられるようになるんですかね。そしてひとりひとりの行動につなげていくには、もっともっと大きな覚悟が必要だと思うんですが、どこまで本気で考えられているのでしょうか？今後の観光地域づくりの中でその本気度を見させていただきたいと思います。,2025-12-17 9:45:02
2889,75,男性,60代,本部町,その他,コンサル,やや思う,やや思う,やや思う,やや思う,やや思う,やや思う,あまり思わない,どちらでもない,やや思う,やや思う,あまり思わない,あまり思わない,やや思う,あまり思わない,どちらでもない,やや思う,どちらでもない,やや思う,どちらでもない,やや思う,やや思う,どちらでもない,あまり思わない,どちらでもない,やや思う,"来訪者の消費額,来訪者の消費単価,延べ宿泊者数,来訪者満足度,リピーター率,住民満足度,地域への経済波及効果,活動実績",1,1,1,1,1,1,1,1,0,,0,"豊かな自然景観,地元の食文化,のんびりとした時間の流れ",1,1,0,1,0,0,,"自然の景観・体験,地元の料理,地域産品・お土産,伝統・文化",1,1,1,1,0,0,0,,9,9,満足,,,,2025-12-17 10:35:07
2890,76,女性,30代,本部町,公務,,やや思う,どちらでもない,あまり思わない,やや思う,やや思う,どちらでもない,やや思う,やや思う,どちらでもない,やや思う,どちらでもない,あまり思わない,とても思う,まったく思わない,やや思う,とても思う,あまり思わない,やや思う,やや思う,とても思う,あまり思わない,あまり思わない,あまり思わない,あまり思わない,どちらでもない,"来訪者の消費額,来訪者の消費単価,延べ宿泊者数,来訪者満足度,リピーター率,住民満足度,地域への経済波及効果",1,1,1,1,1,1,1,0,0,,0,"豊かな自然景観,のんびりとした時間の流れ",1,0,0,1,0,0,,"自然の景観・体験,地域産品・お土産,伝統・文化",1,0,1,1,0,0,0,,8,5,どちらでもない,自然を大切にすること,キラキラな世界ではなく自然やそのままの暮らしを伝えたい,これ以上の開発は必要ないと感じています。今のままのやんばるをそのままの魅力を伝えていって欲しい,2025-12-17 10:37:06
2891,77,女性,60代,本部町,学術研究、専門、技術サービス業,,やや思う,あまり思わない,まったく思わない,あまり思わない,あまり思わない,あまり思わない,まったく思わない,あまり思わない,あまり思わない,あまり思わない,あまり思わない,あまり思わない,どちらでもない,あまり思わない,やや思う,あまり思わない,まったく思わない,まったく思わない,まったく思わない,あまり思わない,あまり思わない,どちらでもない,まったく思わない,あまり思わない,あまり思わない,"来訪者の消費額,来訪者満足度,リピーター率,地域への経済波及効果",1,0,0,1,1,0,1,0,0,,0,"豊かな自然景観,地元の食文化,のんびりとした時間の流れ,地域住民の人柄,その他",1,1,0,1,1,1,沖縄固有種の存在,"自然の景観・体験,地元の料理,伝統・文化",1,1,0,1,0,0,0,,7,8,どちらでもない,伝統行事,自然,"交通渋滞、生活している人間には迷惑
道路幅拡幅などして欲しい
商業施設が少なすぎる(外食産業、生活に必要な最低限のものは揃うが、名護までいかなければならないので不便)",2025-12-17 10:39:41
2892,78,男性,30代,本部町,情報通信業,,とても思う,とても思う,とても思う,とても思う,とても思う,とても思う,とても思う,とても思う,やや思う,とても思う,あまり思わない,どちらでもない,とても思う,やや思う,とても思う,やや思う,どちらでもない,どちらでもない,やや思う,やや思う,どちらでもない,やや思う,どちらでもない,とても思う,とても思う,"来訪者の消費額,来訪者の消費単価,延べ宿泊者数,来訪者満足度,地域への経済波及効果",1,1,1,1,0,0,1,0,0,,0,"豊かな自然景観,のんびりとした時間の流れ,地域住民の人柄",1,0,0,1,1,0,,"自然の景観・体験,お祭り・イベント",1,0,0,0,1,0,0,,7,8,満足,,,"住宅地(字山川)で、
土地の継承が行われていなかったり、
高齢化が進み、サトウキビ畑の放置やギンネモの放置などにより、
原野化している土地が至る所にある。
景観が良く無いだけでなく、害虫の大量発生、火事や、見通しの悪さによる交通事故などの懸念があり、土地活用などの対策を講じてほしい。",2025-12-17 10:41:05
2894,79,男性,60代,本部町,お仕事をされていない,,やや思う,やや思う,やや思う,どちらでもない,あまり思わない,まったく思わない,あまり思わない,まったく思わない,やや思う,どちらでもない,どちらでもない,どちらでもない,どちらでもない,まったく思わない,やや思う,とても思う,まったく思わない,まったく思わない,まったく思わない,やや思う,やや思う,やや思う,まったく思わない,あまり思わない,まったく思わない,"住民満足度,地域への経済波及効果,活動実績",0,0,0,0,0,1,1,1,0,,0,"豊かな自然景観,のんびりとした時間の流れ,地域住民の人柄",1,0,0,1,1,0,,"自然の景観・体験,地元の料理,伝統・文化",1,1,0,1,0,0,0,,10,9,どちらでもない,地域住民同士の付き合い,マナーが悪い中国人は来るな！！！,民泊施設を増やさずホテルや民宿を増やして欲しい（民泊が近所にあると迷惑！）,2025-12-17 10:42:45
2895,80,男性,50代,本部町,宿泊業,,とても思う,とても思う,とても思う,とても思う,やや思う,やや思う,やや思う,とても思う,まったく思わない,どちらでもない,どちらでもない,まったく思わない,あまり思わない,まったく思わない,あまり思わない,とても思う,あまり思わない,やや思う,あまり思わない,やや思う,どちらでもない,まったく思わない,まったく思わない,どちらでもない,あまり思わない,"来訪者の消費額,延べ宿泊者数,住民満足度,地域への経済波及効果,活動実績",1,0,1,0,0,1,1,1,0,,0,"豊かな自然景観,地元の食文化,琉球の歴史・文化,のんびりとした時間の流れ,地域住民の人柄",1,1,1,1,1,0,,"自然の景観・体験,地元の料理,地域産品・お土産,伝統・文化,お祭り・イベント,地域住民との交流",1,1,1,1,1,1,0,,9,9,大変不満,,,,2025-12-17 10:43:20
2896,81,男性,50代,本部町,宿泊業,,とても思う,とても思う,とても思う,とても思う,やや思う,まったく思わない,あまり思わない,まったく思わない,あまり思わない,どちらでもない,やや思う,あまり思わない,とても思う,やや思う,とても思う,とても思う,やや思う,とても思う,やや思う,とても思う,とても思う,とても思う,あまり思わない,とても思う,どちらでもない,"来訪者の消費単価,延べ宿泊者数,リピーター率,住民満足度,地域への経済波及効果",0,1,1,0,1,1,1,0,0,,0,"豊かな自然景観,地元の食文化,のんびりとした時間の流れ",1,1,0,1,0,0,,"自然の景観・体験,地元の料理,地域産品・お土産",1,1,1,0,0,0,0,,8,8,満足,,,"祭りやフリマの継続性が無い。成功して大規模化すると維持できずにやめるか、住民以外を追い出してしまう。持続性を個人の努力に求めるのではなく、役場や観光協会が積極参画してさらなる発展に繋げてほしい。
観光スポットも同様、備瀬ワルミ,フンガー滝,タナガーグムイは、今のター滝を見習ってほしい。",2025-12-17 10:45:01
2897,82,女性,30代,本部町,宿泊業,,やや思う,あまり思わない,あまり思わない,あまり思わない,やや思う,まったく思わない,あまり思わない,まったく思わない,とても思う,あまり思わない,まったく思わない,まったく思わない,あまり思わない,やや思う,とても思う,とても思う,まったく思わない,まったく思わない,あまり思わない,あまり思わない,まったく思わない,あまり思わない,まったく思わない,やや思う,まったく思わない,住民満足度,0,0,0,0,0,1,0,0,0,,0,"豊かな自然景観,地元の食文化,琉球の歴史・文化,のんびりとした時間の流れ,地域住民の人柄",1,1,1,1,1,0,,"自然の景観・体験,地域住民との交流",1,0,0,0,0,1,0,,3,1,大変不満,自然や海への環境維持,"レンタカーの交通ルール、マナーの悪さ
ゴミのマナーの悪さ","大浜エリア、美ら海水族館への道の混雑、事故になりうるレンタカーのマナーの悪さをどうにかしてほしい。
車線が少なすぎるのにレンタカーが多く生活に支障がある。
観光客のせいでスーパーの品薄に懸念。
ゴミが増えて海や自然が無くなるのでやめてほしい。ルールを強化、交通事故になるような運転をやめて欲しい。レンタカーの運転ルールを強化してほしい",2025-12-17 10:45:26
2898,83,女性,60代,本部町,飲食サービス業,,やや思う,やや思う,やや思う,やや思う,まったく思わない,まったく思わない,あまり思わない,あまり思わない,あまり思わない,あまり思わない,あまり思わない,まったく思わない,やや思う,どちらでもない,やや思う,やや思う,やや思う,やや思う,やや思う,やや思う,どちらでもない,やや思う,まったく思わない,あまり思わない,あまり思わない,"来訪者満足度,リピーター率,地域への経済波及効果,活動実績",0,0,0,1,1,0,1,1,0,,0,"豊かな自然景観,地元の食文化,のんびりとした時間の流れ",1,1,0,1,0,0,,"自然の景観・体験,地元の料理,伝統・文化,お祭り・イベント",1,1,0,1,1,0,0,,8,8,どちらでもない,"やはり城跡、自然な景観
地域の祭りなど",海は元より山、滝、ガジュマルなどを歩くドレッキングは素晴らしい,"歩道の整備
建物、景観の統一(イタリアの様な)
車道路面の整備と車線の明確化
(矢印など消えている)",2025-12-17 10:47:21
2899,84,男性,50代,本部町,学術研究、専門、技術サービス業,,やや思う,やや思う,とても思う,とても思う,どちらでもない,あまり思わない,あまり思わない,あまり思わない,あまり思わない,あまり思わない,あまり思わない,あまり思わない,どちらでもない,どちらでもない,あまり思わない,やや思う,あまり思わない,あまり思わない,やや思う,どちらでもない,あまり思わない,どちらでもない,あまり思わない,やや思う,あまり思わない,"来訪者の消費額,来訪者の消費単価,延べ宿泊者数",1,1,1,0,0,0,0,0,0,,0,"豊かな自然景観,琉球の歴史・文化,のんびりとした時間の流れ",1,0,1,1,0,0,,"自然の景観・体験,地元の料理,地域産品・お土産,伝統・文化,お祭り・イベント",1,1,1,1,1,0,0,,7,6,不満,,,,2025-12-17 10:53:15
2901,85,女性,50代,本部町,宿泊業,,とても思う,とても思う,とても思う,とても思う,やや思う,やや思う,どちらでもない,やや思う,やや思う,どちらでもない,やや思う,あまり思わない,とても思う,とても思う,やや思う,とても思う,やや思う,とても思う,とても思う,とても思う,とても思う,とても思う,やや思う,とても思う,やや思う,"来訪者の消費額,来訪者の消費単価,延べ宿泊者数,地域への経済波及効果,活動実績",1,1,1,0,0,0,1,1,0,,0,"豊かな自然景観,地元の食文化,のんびりとした時間の流れ,地域住民の人柄",1,1,0,1,1,0,,"自然の景観・体験,地元の料理",1,1,0,0,0,0,0,,10,10,不満,自然の良さ,自然の良さ、人の良さ,本部町の情報発信不足に不満,2025-12-17 11:07:14
2902,86,女性,50代,本部町,お仕事をされていない,,どちらでもない,とても思う,とても思う,やや思う,どちらでもない,あまり思わない,どちらでもない,どちらでもない,どちらでもない,どちらでもない,やや思う,まったく思わない,やや思う,まったく思わない,やや思う,とても思う,あまり思わない,どちらでもない,どちらでもない,やや思う,まったく思わない,やや思う,どちらでもない,あまり思わない,あまり思わない,"来訪者の消費額,来訪者の消費単価,住民満足度,地域への経済波及効果,活動実績",1,1,0,0,0,1,1,1,0,,0,"豊かな自然景観,のんびりとした時間の流れ",1,0,0,1,0,0,,"自然の景観・体験,地元の料理,伝統・文化,お祭り・イベント",1,1,0,1,1,0,0,,8,8,どちらでもない,自然の豊かさ　ゴミの処理　自然を壊さない,海の緑の多さ,海沿いの植物は塩害防止ならば、仕方ないですがヤシの木やハイビスカス、プルメリア（毒があるようですが被害が多くなければ）など景観を揃えるだけでレンタカー観光客の満足度は上がります。アンケートの観光客のおかげで〜等、文が分かりにくい質問がいくつかありました。,2025-12-17 11:08:07
2903,87,女性,30代,本部町,生活関連サービス業,,とても思う,とても思う,とても思う,とても思う,やや思う,やや思う,やや思う,とても思う,あまり思わない,あまり思わない,あまり思わない,あまり思わない,とても思う,やや思う,とても思う,とても思う,とても思う,とても思う,あまり思わない,とても思う,どちらでもない,やや思う,あまり思わない,とても思う,とても思う,"来訪者満足度,リピーター率,住民満足度,地域への経済波及効果,活動実績",0,0,0,1,1,1,1,1,0,,0,"豊かな自然景観,琉球の歴史・文化,のんびりとした時間の流れ",1,0,1,1,0,0,,"自然の景観・体験,地元の料理,伝統・文化,お祭り・イベント,地域住民との交流",1,1,0,1,1,1,0,,10,10,満足,,,,2025-12-17 11:14:32
2905,88,男性,50代,今帰仁村,医療、福祉,,まったく思わない,まったく思わない,まったく思わない,まったく思わない,まったく思わない,まったく思わない,まったく思わない,まったく思わない,まったく思わない,やや思う,あまり思わない,あまり思わない,やや思う,あまり思わない,あまり思わない,とても思う,まったく思わない,まったく思わない,まったく思わない,まったく思わない,あまり思わない,とても思う,まったく思わない,あまり思わない,まったく思わない,"来訪者満足度,リピーター率,住民満足度",0,0,0,1,1,1,0,0,0,,0,"豊かな自然景観,のんびりとした時間の流れ,地域住民の人柄",1,0,0,1,1,0,,自然の景観・体験,1,0,0,0,0,0,0,,8,6,どちらでもない,,,,2025-12-17 11:54:34
2907,89,女性,40代,本部町,農林漁業,,やや思う,やや思う,やや思う,どちらでもない,やや思う,あまり思わない,あまり思わない,まったく思わない,どちらでもない,どちらでもない,まったく思わない,まったく思わない,どちらでもない,あまり思わない,まったく思わない,とても思う,やや思う,やや思う,やや思う,やや思う,どちらでもない,どちらでもない,まったく思わない,やや思う,やや思う,"来訪者の消費額,来訪者の消費単価,延べ宿泊者数,来訪者満足度,リピーター率,地域への経済波及効果",1,1,1,1,1,0,1,0,0,,0,"豊かな自然景観,のんびりとした時間の流れ",1,0,0,1,0,0,,"自然の景観・体験,地域産品・お土産",1,0,1,0,0,0,0,,8,8,不満,,,いつまで経っても道路工事が終わらない、始まらない、大変迷惑だと思う,2025-12-17 11:59:42
2911,90,男性,40代,本部町,農林漁業,,とても思う,とても思う,とても思う,とても思う,あまり思わない,あまり思わない,どちらでもない,どちらでもない,あまり思わない,どちらでもない,あまり思わない,あまり思わない,やや思う,やや思う,どちらでもない,とても思う,まったく思わない,まったく思わない,まったく思わない,どちらでもない,あまり思わない,やや思う,やや思う,やや思う,やや思う,"来訪者の消費額,来訪者の消費単価,延べ宿泊者数,来訪者満足度,リピーター率,住民満足度,地域への経済波及効果",1,1,1,1,1,1,1,0,0,,0,"豊かな自然景観,地元の食文化",1,1,0,0,0,0,,"自然の景観・体験,地元の料理,地域産品・お土産",1,1,1,0,0,0,0,,6,6,どちらでもない,自然環境,自然、文化、伝統,宿泊税が導入された場合には、各区へ道路の維持管理などに係る経費を補助して道路周辺などの木を切って管理させて欲しい。大通りではなく集落内の小さな道路では管理が行き届かず大木になって倒木のおそれのある木が多い。観光のための景観整備と併せて住民の生活環境も整えてほしい,2025-12-17 12:16:23
2912,91,男性,40代,本部町,公務,,やや思う,やや思う,やや思う,やや思う,やや思う,どちらでもない,どちらでもない,やや思う,あまり思わない,やや思う,あまり思わない,あまり思わない,やや思う,あまり思わない,やや思う,やや思う,あまり思わない,あまり思わない,どちらでもない,どちらでもない,やや思う,やや思う,やや思う,やや思う,やや思う,"来訪者の消費額,延べ宿泊者数,リピーター率,地域への経済波及効果",1,0,1,0,1,0,1,0,0,,0,"豊かな自然景観,地元の食文化,のんびりとした時間の流れ,地域住民の人柄",1,1,0,1,1,0,,"自然の景観・体験,地元の料理,伝統・文化,お祭り・イベント,地域住民との交流",1,1,0,1,1,1,0,,7,7,不満,,,,2025-12-17 12:18:34
2913,92,男性,50代,本部町,医療、福祉,,あまり思わない,あまり思わない,あまり思わない,あまり思わない,まったく思わない,まったく思わない,まったく思わない,まったく思わない,やや思う,まったく思わない,まったく思わない,まったく思わない,とても思う,まったく思わない,まったく思わない,どちらでもない,どちらでもない,まったく思わない,とても思う,やや思う,あまり思わない,あまり思わない,まったく思わない,まったく思わない,まったく思わない,"住民満足度,その他",0,0,0,0,0,1,0,0,1,,0,"豊かな自然景観,のんびりとした時間の流れ",1,0,0,1,0,0,,自然の景観・体験,1,0,0,0,0,0,0,,8,8,不満,,,"ルールやマナーや法律を知らない
インバウンド観光客に対する
サポート力を充実させてほしい",2025-12-17 12:24:49
2914,93,女性,40代,本部町,お仕事をされていない,,やや思う,やや思う,とても思う,やや思う,やや思う,どちらでもない,どちらでもない,どちらでもない,やや思う,やや思う,どちらでもない,どちらでもない,やや思う,あまり思わない,やや思う,とても思う,どちらでもない,やや思う,とても思う,とても思う,どちらでもない,とても思う,あまり思わない,やや思う,やや思う,"来訪者の消費額,来訪者の消費単価,延べ宿泊者数,来訪者満足度,リピーター率,住民満足度,地域への経済波及効果,活動実績",1,1,1,1,1,1,1,1,0,,0,"豊かな自然景観,のんびりとした時間の流れ,地域住民の人柄",1,0,0,1,1,0,,"自然の景観・体験,地域産品・お土産,お祭り・イベント",1,0,1,0,1,0,0,,7,10,どちらでもない,,,,2025-12-17 12:34:20
2917,94,男性,40代,本部町,飲食サービス業,,やや思う,とても思う,とても思う,とても思う,やや思う,どちらでもない,どちらでもない,やや思う,どちらでもない,どちらでもない,やや思う,どちらでもない,どちらでもない,どちらでもない,とても思う,やや思う,やや思う,やや思う,やや思う,やや思う,どちらでもない,やや思う,やや思う,やや思う,やや思う,"来訪者の消費額,来訪者の消費単価,延べ宿泊者数,来訪者満足度,リピーター率,住民満足度,地域への経済波及効果,活動実績",1,1,1,1,1,1,1,1,0,,0,"豊かな自然景観,地元の食文化,琉球の歴史・文化,のんびりとした時間の流れ,地域住民の人柄",1,1,1,1,1,0,,"自然の景観・体験,地元の料理,地域産品・お土産,伝統・文化,地域住民との交流",1,1,1,1,0,1,0,,7,8,満足,,,,2025-12-17 12:42:55
2921,95,男性,60代,本部町,宿泊業,,やや思う,とても思う,とても思う,とても思う,どちらでもない,やや思う,あまり思わない,どちらでもない,どちらでもない,どちらでもない,どちらでもない,どちらでもない,やや思う,やや思う,やや思う,とても思う,あまり思わない,あまり思わない,どちらでもない,やや思う,どちらでもない,どちらでもない,どちらでもない,あまり思わない,どちらでもない,地域への経済波及効果,0,0,0,0,0,0,1,0,0,,0,"豊かな自然景観,のんびりとした時間の流れ",1,0,0,1,0,0,,自然の景観・体験,1,0,0,0,0,0,0,,7,7,どちらでもない,自然の維持,豊かな自然,本部町は、丸ごとテーマパークというスローガンがあるなら、高圧電柱を埋設するなど具体的な対策取るべき。,2025-12-17 13:12:56
2922,96,男性,60代,名護市,学術研究、専門、技術サービス業,,やや思う,やや思う,やや思う,やや思う,あまり思わない,とても思う,あまり思わない,あまり思わない,あまり思わない,あまり思わない,あまり思わない,あまり思わない,やや思う,あまり思わない,やや思う,とても思う,あまり思わない,やや思う,あまり思わない,どちらでもない,あまり思わない,どちらでもない,あまり思わない,あまり思わない,あまり思わない,地域への経済波及効果,0,0,0,0,0,0,1,0,0,,0,豊かな自然景観,1,0,0,0,0,0,,自然の景観・体験,1,0,0,0,0,0,0,,5,5,どちらでもない,,,,2025-12-17 13:44:16
2923,97,男性,40代,本部町,その他,コンサルティング業,とても思う,とても思う,とても思う,とても思う,あまり思わない,あまり思わない,あまり思わない,あまり思わない,やや思う,あまり思わない,あまり思わない,まったく思わない,やや思う,まったく思わない,とても思う,とても思う,とても思う,とても思う,やや思う,とても思う,とても思う,あまり思わない,まったく思わない,やや思う,やや思う,"来訪者の消費額,来訪者の消費単価,延べ宿泊者数,来訪者満足度,リピーター率,住民満足度",1,1,1,1,1,1,0,0,0,,0,"豊かな自然景観,地元の食文化,琉球の歴史・文化,のんびりとした時間の流れ,地域住民の人柄",1,1,1,1,1,0,,"自然の景観・体験,地元の料理,地域住民との交流",1,1,0,0,0,1,0,,8,10,不満,,静かな沖縄、海だけではなく山、そういった沖縄の魅力を伝えていきたいです。,"許田から美ら海水族館まで、または古宇利島まで、多くの観光客が車で通ります。その道のりが汚いです。街路樹は枯れています。長らく工事中になっている箇所や、汚いトラックが走っている箇所も多いです。

せっかく""やんばる""まで来てくれたのだから、許田の高速を降りてから、豊かな美しい自然を感じられるキレイな道で出迎える。これは一気にやんばるを好きになってもらえるチャンスです。メインで走る道路だけでもキレイにする、その優先度を上げませんか。メインの道がキレイになることで、観光客が喜ぶだけでなく、住民もやんばるに誇りを取り戻し、好きになり、みんなでキレイにする、キレイを守る活動につながるはずです。

目立つ箇所の街路樹の見直しと、老朽化しているトラックを除く（またはメインの通りを走らない）だけでも、体験が大きく改善されると思います。",2025-12-17 13:53:50
2924,98,女性,40代,本部町,お仕事をされていない,,あまり思わない,とても思う,とても思う,とても思う,やや思う,やや思う,どちらでもない,どちらでもない,やや思う,あまり思わない,あまり思わない,あまり思わない,やや思う,やや思う,やや思う,やや思う,やや思う,やや思う,やや思う,とても思う,どちらでもない,あまり思わない,あまり思わない,どちらでもない,どちらでもない,"来訪者の消費額,来訪者の消費単価,延べ宿泊者数,来訪者満足度,リピーター率,住民満足度,地域への経済波及効果",1,1,1,1,1,1,1,0,0,,0,"豊かな自然景観,のんびりとした時間の流れ,地域住民の人柄",1,0,0,1,1,0,,"自然の景観・体験,伝統・文化,お祭り・イベント,地域住民との交流",1,0,0,1,1,1,0,,7,5,どちらでもない,自然を無くさないこと。だが、少し出かけると買い物などが出来る便利さも必要だと思います。人の温かさはいつまでも続いてほしいです。,メインの場所ではない地域へ足を運んでみて下さい！,,2025-12-17 13:55:39
2925,99,男性,40代,本部町,情報通信業,,とても思う,とても思う,とても思う,とても思う,とても思う,とても思う,とても思う,とても思う,あまり思わない,あまり思わない,あまり思わない,やや思う,とても思う,あまり思わない,とても思う,とても思う,とても思う,とても思う,とても思う,とても思う,とても思う,とても思う,やや思う,とても思う,とても思う,"来訪者の消費額,来訪者の消費単価,来訪者満足度,住民満足度,地域への経済波及効果",1,1,0,1,0,1,1,0,0,,0,"豊かな自然景観,地元の食文化,のんびりとした時間の流れ,地域住民の人柄",1,1,0,1,1,0,,"自然の景観・体験,地元の料理,地域産品・お土産,伝統・文化,お祭り・イベント",1,1,1,1,1,0,0,,10,10,大変満足,観光地ならではのワクワクした雰囲気,"やんばるは自然豊かなので観光地として今後も魅力的に発展すると思う
宿泊も兼ねて遊びに来て欲しいです。","本部町へのアクセス（高速道路の整備など）を拡充してほしい
本部町の起業者向けの環境整備が欲しい（本部町が管理する起業者支援オフィスの整備など）
参考　北九州の取り組み　https://startup-kitaq.com/
本部町に商業施設の誘致をしてほしい（イオングループやアウトレットモールなど、ホームセンターの誘致など）",2025-12-17 13:59:13
2929,100,女性,40代,本部町,医療、福祉,,どちらでもない,やや思う,やや思う,どちらでもない,どちらでもない,どちらでもない,どちらでもない,どちらでもない,どちらでもない,どちらでもない,やや思う,あまり思わない,とても思う,どちらでもない,あまり思わない,やや思う,まったく思わない,あまり思わない,まったく思わない,まったく思わない,まったく思わない,どちらでもない,やや思う,まったく思わない,まったく思わない,特になし,0,0,0,0,0,0,0,0,0,,1,"豊かな自然景観,のんびりとした時間の流れ",1,0,0,1,0,0,,自然の景観・体験,1,0,0,0,0,0,0,,2,2,不満,,,,2025-12-17 14:49:49
2933,101,女性,10代,本部町,お仕事をされていない,,やや思う,とても思う,とても思う,とても思う,やや思う,とても思う,やや思う,どちらでもない,とても思う,やや思う,やや思う,やや思う,とても思う,どちらでもない,やや思う,とても思う,とても思う,とても思う,とても思う,とても思う,どちらでもない,あまり思わない,あまり思わない,どちらでもない,あまり思わない,延べ宿泊者数,0,0,1,0,0,0,0,0,0,,0,"豊かな自然景観,地元の食文化",1,1,0,0,0,0,,"自然の景観・体験,地域産品・お土産,お祭り・イベント",1,0,1,0,1,0,0,,7,7,満足,本部海洋博公園は、今でも観光客が来る、本部の目玉として知られているから大事にしてる,,ジャングリアの料金を全体的に下げて、観光客が沢山来る場所にしたいから検討して欲しい,2025-12-17 15:29:43
2935,102,男性,10代,伊江村,お仕事をされていない,,とても思う,とても思う,とても思う,とても思う,どちらでもない,どちらでもない,やや思う,やや思う,どちらでもない,やや思う,やや思う,あまり思わない,とても思う,とても思う,とても思う,とても思う,とても思う,とても思う,やや思う,あまり思わない,あまり思わない,やや思う,どちらでもない,とても思う,とても思う,"来訪者の消費額,延べ宿泊者数",1,0,1,0,0,0,0,0,0,,0,"豊かな自然景観,地元の食文化,琉球の歴史・文化,地域住民の人柄",1,1,1,0,1,0,,"自然の景観・体験,地元の料理,地域産品・お土産,伝統・文化,お祭り・イベント,地域住民との交流",1,1,1,1,1,1,0,,10,10,大変満足,環境,ヤンバルの自然を見て、幸せになってほしい,特に無し,2025-12-17 16:05:17
2936,103,女性,40代,名護市,製造業,,やや思う,やや思う,やや思う,とても思う,あまり思わない,やや思う,どちらでもない,やや思う,あまり思わない,あまり思わない,やや思う,まったく思わない,やや思う,あまり思わない,あまり思わない,とても思う,どちらでもない,どちらでもない,あまり思わない,やや思う,やや思う,やや思う,やや思う,とても思う,どちらでもない,"来訪者の消費額,延べ宿泊者数,リピーター率,地域への経済波及効果",1,0,1,0,1,0,1,0,0,,0,"豊かな自然景観,琉球の歴史・文化",1,0,1,0,0,0,,"自然の景観・体験,地元の料理,お祭り・イベント",1,1,0,0,1,0,0,,8,9,不満,歴史文化,,観光客の流入だけではなく、企業誘致もすすめてほしい,2025-12-17 16:15:27
2940,104,男性,30代,伊是名村,公務,,とても思う,とても思う,とても思う,とても思う,やや思う,どちらでもない,とても思う,どちらでもない,あまり思わない,どちらでもない,やや思う,どちらでもない,とても思う,とても思う,あまり思わない,やや思う,とても思う,とても思う,とても思う,あまり思わない,どちらでもない,あまり思わない,あまり思わない,とても思う,やや思う,"来訪者の消費額,来訪者の消費単価,延べ宿泊者数,来訪者満足度,リピーター率,住民満足度,地域への経済波及効果",1,1,1,1,1,1,1,0,0,,0,"豊かな自然景観,琉球の歴史・文化,のんびりとした時間の流れ,地域住民の人柄",1,0,1,1,1,0,,"自然の景観・体験,伝統・文化",1,0,0,1,0,0,0,,8,8,満足,おもてなしの心です。どなたが来ても歓迎し、満足して帰っていただきたい思っている。,豊かな森ときれいな海,離島地域への送客方法を検討して欲しい,2025-12-17 16:44:47
2942,105,男性,40代,伊是名村,公務,,やや思う,やや思う,とても思う,とても思う,とても思う,やや思う,やや思う,やや思う,どちらでもない,どちらでもない,やや思う,やや思う,やや思う,とても思う,やや思う,やや思う,どちらでもない,やや思う,やや思う,やや思う,とても思う,とても思う,あまり思わない,とても思う,どちらでもない,"来訪者の消費額,来訪者の消費単価,延べ宿泊者数,来訪者満足度,リピーター率,住民満足度,地域への経済波及効果",1,1,1,1,1,1,1,0,0,,0,"豊かな自然景観,地元の食文化,琉球の歴史・文化",1,1,1,0,0,0,,"自然の景観・体験,地元の料理,伝統・文化,お祭り・イベント,地域住民との交流",1,1,0,1,1,1,0,,8,9,満足,離島ゆえ、海を中心とした自然が一番の誇りです。,離島三村を含めやんばるの自然や景観を楽しむだけでも、宮古・石垣に負けないほどの魅力があると感じます。,"離島三村を周遊できる高速船があれば、やんばるの中でジャングリア以外の目玉となり、観光客誘致に繋がると思います。
その他伊江村と本島間、伊是名と伊平屋間の水中トンネル建設もいかがでしょうか？",2025-12-17 17:20:47
2943,106,男性,40代,本部町,金融業、保険業,,やや思う,やや思う,やや思う,やや思う,やや思う,あまり思わない,どちらでもない,あまり思わない,まったく思わない,まったく思わない,まったく思わない,まったく思わない,やや思う,あまり思わない,どちらでもない,とても思う,どちらでもない,やや思う,とても思う,やや思う,あまり思わない,どちらでもない,あまり思わない,どちらでもない,どちらでもない,"来訪者の消費額,来訪者の消費単価,延べ宿泊者数,来訪者満足度,リピーター率,住民満足度,地域への経済波及効果,活動実績",1,1,1,1,1,1,1,1,0,,0,"豊かな自然景観,のんびりとした時間の流れ,地域住民の人柄",1,0,0,1,1,0,,"自然の景観・体験,地元の料理,お祭り・イベント",1,1,0,0,1,0,0,,8,8,不満,,,,2025-12-17 17:44:27
2946,107,女性,40代,本部町,製造業,,どちらでもない,あまり思わない,どちらでもない,どちらでもない,まったく思わない,あまり思わない,あまり思わない,どちらでもない,どちらでもない,あまり思わない,どちらでもない,まったく思わない,どちらでもない,まったく思わない,まったく思わない,やや思う,どちらでもない,やや思う,とても思う,やや思う,やや思う,やや思う,やや思う,どちらでもない,やや思う,"住民満足度,活動実績",0,0,0,0,0,1,0,1,0,,0,"豊かな自然景観,のんびりとした時間の流れ",1,0,0,1,0,0,,自然の景観・体験,1,0,0,0,0,0,0,,7,5,満足,,,,2025-12-17 19:05:49
2950,108,男性,30代,本部町,飲食サービス業,,とても思う,とても思う,とても思う,とても思う,とても思う,やや思う,どちらでもない,とても思う,どちらでもない,とても思う,まったく思わない,まったく思わない,とても思う,まったく思わない,どちらでもない,とても思う,とても思う,とても思う,とても思う,とても思う,とても思う,とても思う,どちらでもない,どちらでもない,どちらでもない,延べ宿泊者数,0,0,1,0,0,0,0,0,0,,0,"豊かな自然景観,のんびりとした時間の流れ",1,0,0,1,0,0,,自然の景観・体験,1,0,0,0,0,0,0,,8,8,満足,"海や山など世界に誇れる自然が
すぐ目の前にある",,"本部町
旅行シーズンに訪れる観光客に対して
飲食店の数が少ないので
どこも混んでいて時間のロスにつながっていると思う。
もっと飲食店に力を入れてもいいと思う",2025-12-17 20:41:17
2952,109,女性,20代,本部町,教育、学習支援業,,やや思う,とても思う,とても思う,やや思う,とても思う,とても思う,とても思う,どちらでもない,あまり思わない,とても思う,とても思う,やや思う,とても思う,とても思う,どちらでもない,とても思う,とても思う,とても思う,とても思う,とても思う,とても思う,とても思う,とても思う,とても思う,とても思う,"来訪者の消費額,リピーター率,地域への経済波及効果,活動実績",1,0,0,0,1,0,1,1,0,,0,"豊かな自然景観,地元の食文化,のんびりとした時間の流れ,地域住民の人柄",1,1,0,1,1,0,,"自然の景観・体験,地元の料理,お祭り・イベント,地域住民との交流",1,1,0,0,1,1,0,,10,7,満足,美ら海水族館などの大きな観光スポットからゆっくりと流れる時間を過ごせる本部町営市場など、様々な観光ができるから,本部町独自のゆったりとした空間を存分に楽しんで欲しい,本部町営市場の雰囲気や地域の人達が大好きなので、壊すのではなく補修するなど、大きく変化させずに、そのままの形を残して欲しい。また、街灯増やして欲しい,2025-12-17 21:33:34
2956,110,男性,20代,伊是名村,公務,,あまり思わない,とても思う,とても思う,とても思う,あまり思わない,どちらでもない,どちらでもない,あまり思わない,まったく思わない,やや思う,あまり思わない,まったく思わない,とても思う,あまり思わない,あまり思わない,やや思う,どちらでもない,やや思う,やや思う,やや思う,あまり思わない,まったく思わない,まったく思わない,あまり思わない,やや思う,"延べ宿泊者数,来訪者満足度,リピーター率",0,0,1,1,1,0,0,0,0,,0,"豊かな自然景観,のんびりとした時間の流れ",1,0,0,1,0,0,,"自然の景観・体験,伝統・文化,お祭り・イベント",1,0,0,1,1,0,0,,7,9,満足,,,,2025-12-18 8:21:19
2966,111,男性,30代,名護市,公務,,やや思う,あまり思わない,あまり思わない,どちらでもない,まったく思わない,あまり思わない,まったく思わない,まったく思わない,どちらでもない,まったく思わない,やや思う,まったく思わない,どちらでもない,まったく思わない,どちらでもない,どちらでもない,どちらでもない,どちらでもない,どちらでもない,どちらでもない,まったく思わない,やや思う,あまり思わない,まったく思わない,まったく思わない,地域への経済波及効果,0,0,0,0,0,0,1,0,0,,0,豊かな自然景観,1,0,0,0,0,0,,自然の景観・体験,1,0,0,0,0,0,0,,6,5,どちらでもない,,,,2025-12-18 12:03:28
2978,112,男性,50代,本部町,医療、福祉,,とても思う,とても思う,とても思う,とても思う,やや思う,どちらでもない,どちらでもない,どちらでもない,あまり思わない,どちらでもない,あまり思わない,あまり思わない,とても思う,あまり思わない,あまり思わない,どちらでもない,とても思う,とても思う,あまり思わない,どちらでもない,やや思う,あまり思わない,あまり思わない,やや思う,どちらでもない,"来訪者の消費額,来訪者の消費単価,来訪者満足度,リピーター率,住民満足度,地域への経済波及効果,活動実績",1,1,0,1,1,1,1,1,0,,0,"のんびりとした時間の流れ,地域住民の人柄",0,0,0,1,1,0,,"地域産品・お土産,お祭り・イベント",0,0,1,0,1,0,0,,8,8,どちらでもない,人柄,,,2025-12-18 15:01:31
2991,113,男性,30代,名護市,お仕事をされていない,,どちらでもない,やや思う,あまり思わない,あまり思わない,まったく思わない,まったく思わない,まったく思わない,まったく思わない,あまり思わない,まったく思わない,まったく思わない,まったく思わない,あまり思わない,まったく思わない,あまり思わない,どちらでもない,やや思う,やや思う,あまり思わない,やや思う,まったく思わない,やや思う,まったく思わない,あまり思わない,まったく思わない,住民満足度,0,0,0,0,0,1,0,0,0,,0,"豊かな自然景観,琉球の歴史・文化",1,0,1,0,0,0,,自然の景観・体験,1,0,0,0,0,0,0,,8,8,不満,,,"スーパーなどで買い物をしていて、外国人が大声で話したり、大人数で進路を防ぐなどの場面があり、困っています。
観光に来るんだったら、
その国の最低限のマナーは守ってほしいと思う。",2025-12-18 20:39:03
2994,114,女性,40代,本部町,宿泊業,,どちらでもない,やや思う,やや思う,とても思う,やや思う,あまり思わない,どちらでもない,やや思う,どちらでもない,どちらでもない,やや思う,どちらでもない,どちらでもない,どちらでもない,どちらでもない,やや思う,やや思う,とても思う,どちらでもない,やや思う,どちらでもない,やや思う,どちらでもない,やや思う,やや思う,"来訪者の消費額,来訪者の消費単価,延べ宿泊者数,来訪者満足度,リピーター率,住民満足度,地域への経済波及効果",1,1,1,1,1,1,1,0,0,,0,"豊かな自然景観,地元の食文化,のんびりとした時間の流れ,地域住民の人柄",1,1,0,1,1,0,,"自然の景観・体験,地元の料理,伝統・文化,お祭り・イベント",1,1,0,1,1,0,0,,7,8,どちらでもない,海、緑,,"夜市、朝市などで
町に長く滞在する仕掛けを作って欲しい
（毎日）

民謡やエイサーなどの文化体験しながらの美味しい郷土料理
や
築地の朝のセリ→美味しい朝ごはん
など、、、？",2025-12-18 22:03:09
3059,115,男性,30代,今帰仁村,小売業,,どちらでもない,まったく思わない,まったく思わない,あまり思わない,どちらでもない,まったく思わない,あまり思わない,まったく思わない,どちらでもない,まったく思わない,あまり思わない,どちらでもない,どちらでもない,あまり思わない,あまり思わない,やや思う,やや思う,やや思う,どちらでもない,まったく思わない,あまり思わない,あまり思わない,まったく思わない,あまり思わない,まったく思わない,"来訪者の消費額,来訪者の消費単価,延べ宿泊者数,来訪者満足度,リピーター率,住民満足度,地域への経済波及効果,活動実績",1,1,1,1,1,1,1,1,0,,0,"豊かな自然景観,地元の食文化,のんびりとした時間の流れ,地域住民の人柄",1,1,0,1,1,0,,"自然の景観・体験,地元の料理,伝統・文化,お祭り・イベント",1,1,0,1,1,0,0,,5,5,大変不満,"手つかずの自然環境
調和のとれた街並み",,,2025-12-20 16:47:35
3066,116,女性,40代,伊是名村,農林漁業,,やや思う,やや思う,とても思う,やや思う,あまり思わない,あまり思わない,どちらでもない,あまり思わない,あまり思わない,あまり思わない,やや思う,あまり思わない,どちらでもない,どちらでもない,どちらでもない,どちらでもない,やや思う,どちらでもない,どちらでもない,どちらでもない,どちらでもない,あまり思わない,あまり思わない,あまり思わない,どちらでもない,特になし,0,0,0,0,0,0,0,0,0,,1,"のんびりとした時間の流れ,地域住民の人柄",0,0,0,1,1,0,,お祭り・イベント,0,0,0,0,1,0,0,,7,9,どちらでもない,,,,2025-12-20 18:54:37
3183,117,その他,30代,本部町,その他,,あまり思わない,まったく思わない,まったく思わない,まったく思わない,どちらでもない,あまり思わない,まったく思わない,あまり思わない,どちらでもない,やや思う,あまり思わない,あまり思わない,まったく思わない,あまり思わない,あまり思わない,どちらでもない,あまり思わない,あまり思わない,あまり思わない,どちらでもない,あまり思わない,どちらでもない,まったく思わない,まったく思わない,まったく思わない,"来訪者の消費額,来訪者の消費単価,住民満足度",1,1,0,0,0,1,0,0,0,,0,豊かな自然景観,1,0,0,0,0,0,,"地元の料理,伝統・文化",0,1,0,1,0,0,0,,3,0,不満,,,,2025-12-23 20:22:12
3221,118,男性,60代,名護市,その他,団体職員,やや思う,とても思う,とても思う,とても思う,やや思う,あまり思わない,どちらでもない,やや思う,やや思う,あまり思わない,まったく思わない,まったく思わない,やや思う,あまり思わない,とても思う,とても思う,やや思う,やや思う,やや思う,やや思う,まったく思わない,あまり思わない,まったく思わない,あまり思わない,どちらでもない,"延べ宿泊者数,来訪者満足度,住民満足度",0,0,1,1,0,1,0,0,0,,0,"豊かな自然景観,地元の食文化,琉球の歴史・文化,のんびりとした時間の流れ,その他",1,1,1,1,0,1,貴重な生態系,"自然の景観・体験,伝統・文化,その他",1,0,0,1,0,0,1,アメリカ料理を含む広義の地元料理,8,8,不満,賃貸物件に居住しています。設問を作成した人は地元が長く、コミュニティに根を張っていますが、私と同様に名桜大学生や新テーマパークに勤める人などは、そもそも地域の住民や習慣に触れる機会がないので、そのようなものに巡り合う機会を増やしてほしいと思います。,１２市町それぞれが持つ特色を楽しんでほしいと思います。,国道449号をダンプが利用する時間が長すぎます。朝夜共に１時間短縮できないでしょうか。県道84号線は凸凹が激しく、観光客を迎え入れる道と言えません。改修を望みます。,2025-12-24 17:13:45
3295,119,男性,40代,今帰仁村,医療、福祉,,あまり思わない,あまり思わない,あまり思わない,あまり思わない,どちらでもない,あまり思わない,あまり思わない,あまり思わない,あまり思わない,どちらでもない,あまり思わない,あまり思わない,あまり思わない,どちらでもない,あまり思わない,どちらでもない,あまり思わない,あまり思わない,あまり思わない,あまり思わない,あまり思わない,あまり思わない,あまり思わない,あまり思わない,あまり思わない,"住民満足度,地域への経済波及効果",0,0,0,0,0,1,1,0,0,,0,"豊かな自然景観,地元の食文化,のんびりとした時間の流れ,地域住民の人柄",1,1,0,1,1,0,,自然の景観・体験,1,0,0,0,0,0,0,,9,8,不満,,,,2025-12-26 12:13:42
3296,120,女性,50代,今帰仁村,宿泊業,,やや思う,やや思う,やや思う,やや思う,やや思う,やや思う,やや思う,やや思う,やや思う,やや思う,やや思う,やや思う,やや思う,やや思う,やや思う,とても思う,やや思う,とても思う,とても思う,やや思う,やや思う,とても思う,やや思う,とても思う,とても思う,"来訪者満足度,リピーター率,住民満足度,地域への経済波及効果,活動実績",0,0,0,1,1,1,1,1,0,,0,"豊かな自然景観,地元の食文化,のんびりとした時間の流れ,地域住民の人柄",1,1,0,1,1,0,,"自然の景観・体験,地元の料理,お祭り・イベント,地域住民との交流",1,1,0,0,1,1,0,,10,10,大変満足,,,,2025-12-26 12:18:50
3297,121,男性,50代,今帰仁村,学術研究、専門、技術サービス業,,やや思う,やや思う,やや思う,やや思う,とても思う,どちらでもない,あまり思わない,やや思う,まったく思わない,とても思う,まったく思わない,まったく思わない,とても思う,とても思う,やや思う,とても思う,とても思う,とても思う,とても思う,とても思う,とても思う,とても思う,やや思う,とても思う,とても思う,"来訪者の消費額,延べ宿泊者数",1,0,1,0,0,0,0,0,0,,0,"豊かな自然景観,琉球の歴史・文化,地域住民の人柄",1,0,1,0,1,0,,"自然の景観・体験,お祭り・イベント",1,0,0,0,1,0,0,,8,10,どちらでもない,,,,2025-12-26 12:19:04
3298,122,女性,50代,今帰仁村,小売業,,どちらでもない,あまり思わない,あまり思わない,まったく思わない,あまり思わない,まったく思わない,まったく思わない,まったく思わない,どちらでもない,どちらでもない,どちらでもない,まったく思わない,あまり思わない,あまり思わない,あまり思わない,どちらでもない,どちらでもない,どちらでもない,どちらでもない,まったく思わない,あまり思わない,あまり思わない,あまり思わない,まったく思わない,まったく思わない,"来訪者の消費額,来訪者の消費単価,地域への経済波及効果",1,1,0,0,0,0,1,0,0,,0,"豊かな自然景観,地域住民の人柄",1,0,0,0,1,0,,"自然の景観・体験,地元の料理,地域産品・お土産",1,1,1,0,0,0,0,,8,8,満足,住民の勤勉さや明るさ,浜で朝日や夕日をただ座って眺めてみて,観光客がたくさん来るのは嬉しくない。狭い道ばかりなので大型バスが連なったり、店舗に大勢でいるのが困る。名護イオンの駐車場で空きを探すのが大変。古くからの食堂がどんどんなくなって、後からできるのは高い店ばかり。,2025-12-26 12:29:33
3299,123,男性,60代,今帰仁村,お仕事をされていない,,やや思う,やや思う,やや思う,やや思う,どちらでもない,どちらでもない,どちらでもない,どちらでもない,やや思う,やや思う,どちらでもない,どちらでもない,どちらでもない,どちらでもない,どちらでもない,やや思う,どちらでもない,やや思う,どちらでもない,やや思う,どちらでもない,あまり思わない,やや思う,やや思う,どちらでもない,"延べ宿泊者数,来訪者満足度,住民満足度",0,0,1,1,0,1,0,0,0,,0,"豊かな自然景観,琉球の歴史・文化",1,0,1,0,0,0,,"自然の景観・体験,地域産品・お土産",1,0,1,0,0,0,0,,4,4,どちらでもない,,,,2025-12-26 12:30:35
3301,124,女性,40代,今帰仁村,医療、福祉,,あまり思わない,あまり思わない,あまり思わない,あまり思わない,どちらでもない,あまり思わない,どちらでもない,あまり思わない,どちらでもない,あまり思わない,あまり思わない,まったく思わない,あまり思わない,あまり思わない,やや思う,どちらでもない,どちらでもない,あまり思わない,あまり思わない,あまり思わない,どちらでもない,やや思う,まったく思わない,あまり思わない,あまり思わない,"住民満足度,地域への経済波及効果",0,0,0,0,0,1,1,0,0,,0,"豊かな自然景観,のんびりとした時間の流れ",1,0,0,1,0,0,,自然の景観・体験,1,0,0,0,0,0,0,,7,5,不満,,,,2025-12-26 12:36:15
3302,125,男性,60代,今帰仁村,公務,,やや思う,やや思う,やや思う,とても思う,とても思う,どちらでもない,あまり思わない,あまり思わない,あまり思わない,やや思う,どちらでもない,あまり思わない,やや思う,どちらでもない,どちらでもない,とても思う,どちらでもない,やや思う,どちらでもない,どちらでもない,あまり思わない,やや思う,まったく思わない,どちらでもない,あまり思わない,"来訪者の消費額,延べ宿泊者数",1,0,1,0,0,0,0,0,0,,0,"豊かな自然景観,地元の食文化",1,1,0,0,0,0,,"自然の景観・体験,お祭り・イベント",1,0,0,0,1,0,0,,10,8,どちらでもない,,,,2025-12-26 12:36:40
3303,126,男性,40代,今帰仁村,建設業,,どちらでもない,とても思う,とても思う,とても思う,あまり思わない,まったく思わない,どちらでもない,あまり思わない,やや思う,やや思う,まったく思わない,あまり思わない,どちらでもない,あまり思わない,まったく思わない,とても思う,まったく思わない,あまり思わない,あまり思わない,どちらでもない,まったく思わない,まったく思わない,まったく思わない,まったく思わない,まったく思わない,"来訪者の消費額,住民満足度,地域への経済波及効果",1,0,0,0,0,1,1,0,0,,0,豊かな自然景観,1,0,0,0,0,0,,"自然の景観・体験,地元の料理",1,1,0,0,0,0,0,,7,5,どちらでもない,"自然、
ジャングリアを推すような地域になってはならない。",自然,"観光が地元企業へ貢献してますか？
ジャングリアは何をしたの？ちゃんと広域が管理しないと、市町村じゃやらないから。
今の広域メンバーでは難しいかもしれませんが。
",2025-12-26 12:45:48
3307,127,男性,70代,今帰仁村,お仕事をされていない,,やや思う,やや思う,やや思う,やや思う,あまり思わない,あまり思わない,あまり思わない,あまり思わない,まったく思わない,あまり思わない,あまり思わない,まったく思わない,どちらでもない,あまり思わない,あまり思わない,とても思う,あまり思わない,やや思う,どちらでもない,やや思う,あまり思わない,あまり思わない,あまり思わない,あまり思わない,どちらでもない,"来訪者の消費額,来訪者満足度,リピーター率,地域への経済波及効果",1,0,0,1,1,0,1,0,0,,0,"豊かな自然景観,琉球の歴史・文化",1,0,1,0,0,0,,自然の景観・体験,1,0,0,0,0,0,0,,8,7,どちらでもない,,,,2025-12-26 12:53:48
3308,128,男性,30代,今帰仁村,学術研究、専門、技術サービス業,,やや思う,どちらでもない,やや思う,どちらでもない,やや思う,とても思う,あまり思わない,まったく思わない,やや思う,あまり思わない,まったく思わない,まったく思わない,まったく思わない,まったく思わない,まったく思わない,まったく思わない,まったく思わない,まったく思わない,まったく思わない,まったく思わない,まったく思わない,まったく思わない,まったく思わない,まったく思わない,まったく思わない,"来訪者の消費額,リピーター率,地域への経済波及効果",1,0,0,0,1,0,1,0,0,,0,豊かな自然景観,1,0,0,0,0,0,,自然の景観・体験,1,0,0,0,0,0,0,,3,5,どちらでもない,,,,2025-12-26 13:01:42
3309,129,女性,50代,今帰仁村,医療、福祉,,どちらでもない,あまり思わない,あまり思わない,あまり思わない,あまり思わない,あまり思わない,あまり思わない,あまり思わない,やや思う,どちらでもない,あまり思わない,どちらでもない,あまり思わない,まったく思わない,どちらでもない,どちらでもない,どちらでもない,どちらでもない,どちらでもない,まったく思わない,どちらでもない,どちらでもない,まったく思わない,あまり思わない,まったく思わない,住民満足度,0,0,0,0,0,1,0,0,0,,0,"豊かな自然景観,琉球の歴史・文化",1,0,1,0,0,0,,その他,0,0,0,0,0,0,1,何もせずのんびり過ごす,9,7,不満,地域の繋がり,人工的な自然ではなくて、本来の自然環境がまだ残っている地域です。地域住民はこの静かな生活を続けたいと思っています。地域住民や沖縄の辿ってきた歴史に思いを馳せながら、静かに穏やかにお過ごしください。,"自身の住む今帰仁地区エリアでは、静かな住宅街に運転の荒いレンタカーの往来が増え、危険を感じています。
観光客相手のお仕事の方々が、地域住民への安全まで考えて事故予防対応までしていただけると有り難く思います。

豊かな自然環境が観光の為に破壊されない事を願っています。",2025-12-26 13:03:12
3312,130,男性,60代,今帰仁村,その他,パート,やや思う,あまり思わない,やや思う,やや思う,あまり思わない,あまり思わない,どちらでもない,どちらでもない,やや思う,どちらでもない,どちらでもない,あまり思わない,やや思う,どちらでもない,どちらでもない,とても思う,やや思う,どちらでもない,やや思う,とても思う,やや思う,やや思う,どちらでもない,やや思う,どちらでもない,"来訪者満足度,住民満足度",0,0,0,1,0,1,0,0,0,,0,"豊かな自然景観,地元の食文化,琉球の歴史・文化,のんびりとした時間の流れ,地域住民の人柄",1,1,1,1,1,0,,"自然の景観・体験,地元の料理,地域産品・お土産,伝統・文化,お祭り・イベント,地域住民との交流",1,1,1,1,1,1,0,,9,8,どちらでもない,自然環境、伝統文化,自然景観、伝統文化、歴史,必要以上に開発してほしくない。,2025-12-26 13:15:14
3313,131,男性,50代,本部町,飲食サービス業,,あまり思わない,あまり思わない,あまり思わない,とても思う,あまり思わない,あまり思わない,あまり思わない,あまり思わない,どちらでもない,どちらでもない,まったく思わない,まったく思わない,あまり思わない,まったく思わない,あまり思わない,とても思う,あまり思わない,やや思う,あまり思わない,あまり思わない,まったく思わない,あまり思わない,まったく思わない,あまり思わない,どちらでもない,地域への経済波及効果,0,0,0,0,0,0,1,0,0,,0,豊かな自然景観,1,0,0,0,0,0,,自然の景観・体験,1,0,0,0,0,0,0,,5,4,どちらでもない,,,,2025-12-26 13:16:36
3314,132,男性,20代,恩納村,公務,,とても思う,とても思う,とても思う,やや思う,やや思う,やや思う,どちらでもない,どちらでもない,あまり思わない,あまり思わない,どちらでもない,どちらでもない,やや思う,あまり思わない,やや思う,やや思う,やや思う,やや思う,やや思う,どちらでもない,あまり思わない,やや思う,どちらでもない,やや思う,どちらでもない,"来訪者の消費額,来訪者の消費単価,リピーター率,地域への経済波及効果",1,1,0,0,1,0,1,0,0,,0,"地元の食文化,のんびりとした時間の流れ",0,1,0,1,0,0,,"自然の景観・体験,お祭り・イベント",1,0,0,0,1,0,0,,10,10,どちらでもない,,,,2025-12-26 13:21:58
3315,133,女性,30代,今帰仁村,その他,保育,あまり思わない,あまり思わない,あまり思わない,あまり思わない,どちらでもない,まったく思わない,まったく思わない,やや思う,まったく思わない,まったく思わない,まったく思わない,まったく思わない,どちらでもない,とても思う,あまり思わない,とても思う,まったく思わない,まったく思わない,まったく思わない,まったく思わない,どちらでもない,どちらでもない,まったく思わない,やや思う,まったく思わない,"延べ宿泊者数,リピーター率,住民満足度",0,0,1,0,1,1,0,0,0,,0,"豊かな自然景観,地元の食文化,琉球の歴史・文化,のんびりとした時間の流れ,地域住民の人柄",1,1,1,1,1,0,,"自然の景観・体験,地元の料理",1,1,0,0,0,0,0,,7,8,不満,,,"地元民の居場所を荒らさないでほしい
今帰仁の海なんて、観光地にされたことで地元の人は行けなくなったし、行かなくなった。",2025-12-26 13:24:26
3316,134,男性,50代,国頭村,生活関連サービス業,,やや思う,やや思う,やや思う,やや思う,やや思う,まったく思わない,やや思う,あまり思わない,あまり思わない,まったく思わない,どちらでもない,まったく思わない,やや思う,やや思う,やや思う,やや思う,やや思う,やや思う,やや思う,やや思う,やや思う,あまり思わない,あまり思わない,やや思う,やや思う,"来訪者の消費額,来訪者の消費単価,延べ宿泊者数,来訪者満足度,リピーター率,住民満足度,地域への経済波及効果",1,1,1,1,1,1,1,0,0,,0,"豊かな自然景観,地元の食文化,琉球の歴史・文化,のんびりとした時間の流れ,地域住民の人柄",1,1,1,1,1,0,,"自然の景観・体験,地元の料理,地域産品・お土産,伝統・文化,お祭り・イベント,地域住民との交流",1,1,1,1,1,1,0,,7,7,どちらでもない,共同売店,,観光収入が一部の人、一部の企業だけに流れている。集落は過疎、高齢化、貧困化が進んでいる。,2025-12-26 13:25:36
3317,135,男性,40代,今帰仁村,公務,,あまり思わない,あまり思わない,どちらでもない,やや思う,どちらでもない,あまり思わない,あまり思わない,やや思う,まったく思わない,やや思う,やや思う,まったく思わない,どちらでもない,あまり思わない,あまり思わない,どちらでもない,どちらでもない,あまり思わない,どちらでもない,どちらでもない,あまり思わない,あまり思わない,やや思う,まったく思わない,あまり思わない,"リピーター率,住民満足度,活動実績",0,0,0,0,1,1,0,1,0,,0,"豊かな自然景観,のんびりとした時間の流れ",1,0,0,1,0,0,,"自然の景観・体験,地元の料理,地域産品・お土産,伝統・文化,お祭り・イベント",1,1,1,1,1,0,0,,5,4,不満,自然豊かだが交通の利便性も高く住みやすい。住民にとって住みやすいくらいに適度な開発や起業がなされながらも自然が残ることが大切。,やんばるの自然や動植物の数は海外にも引けを取らないです。その分、ロードキルやゴミのポイ捨てによる問題もあるので、遊びに来る際は慌てず騒がずゆったりとした気持ちでお越しください。,"まず、設問では「観光、観光客のおかげ」という枕詞が多く、観光は地元にいい影響をもたらすと言わせたいのが垣間見えて不快でした。
　話変わり、観光客を誘致する前に、これまで行なってきている消費型観光ありきの考えを改めるところから始めるべきかと思う。地元を置き去りにせず、リソースを消費するだけでない観光のあり方を検討してほしい。",2025-12-26 13:36:20
3319,136,男性,20代,名護市,宿泊業,,どちらでもない,どちらでもない,どちらでもない,どちらでもない,どちらでもない,どちらでもない,どちらでもない,どちらでもない,どちらでもない,どちらでもない,どちらでもない,どちらでもない,どちらでもない,どちらでもない,どちらでもない,どちらでもない,どちらでもない,どちらでもない,どちらでもない,どちらでもない,どちらでもない,どちらでもない,どちらでもない,どちらでもない,どちらでもない,地域への経済波及効果,0,0,0,0,0,0,1,0,0,,0,豊かな自然景観,1,0,0,0,0,0,,"伝統・文化,お祭り・イベント",0,0,0,1,1,0,0,,10,5,どちらでもない,,,,2025-12-26 13:41:05
3321,137,女性,30代,今帰仁村,飲食サービス業,,どちらでもない,やや思う,やや思う,どちらでもない,あまり思わない,あまり思わない,あまり思わない,まったく思わない,まったく思わない,まったく思わない,まったく思わない,まったく思わない,やや思う,あまり思わない,あまり思わない,どちらでもない,あまり思わない,どちらでもない,どちらでもない,やや思う,あまり思わない,まったく思わない,まったく思わない,あまり思わない,どちらでもない,"来訪者の消費額,来訪者の消費単価,延べ宿泊者数,来訪者満足度,リピーター率,住民満足度,地域への経済波及効果,活動実績",1,1,1,1,1,1,1,1,0,,0,"豊かな自然景観,のんびりとした時間の流れ,地域住民の人柄",1,0,0,1,1,0,,"自然の景観・体験,地元の料理,地域住民との交流",1,1,0,0,0,1,0,,4,5,どちらでもない,豊かな自然と、ゆったりのんびりとした時間の流れのある雰囲気,,モラルが掛けている人が増えている。ビーチなども、地域の住民との軋轢を生まないために、静かな場所だった所などは、それを重要視できるような観光スポット作りができていけたらよいのではと思う。,2025-12-26 14:04:55
3322,138,女性,70代,今帰仁村,お仕事をされていない,,やや思う,とても思う,とても思う,やや思う,とても思う,やや思う,やや思う,どちらでもない,やや思う,やや思う,あまり思わない,やや思う,やや思う,どちらでもない,とても思う,やや思う,やや思う,とても思う,やや思う,やや思う,どちらでもない,やや思う,どちらでもない,やや思う,やや思う,"来訪者の消費額,延べ宿泊者数,リピーター率,地域への経済波及効果",1,0,1,0,1,0,1,0,0,,0,"豊かな自然景観,琉球の歴史・文化,地域住民の人柄",1,0,1,0,1,0,,"地元の料理,伝統・文化,お祭り・イベント",0,1,0,1,1,0,0,,8,9,満足,,"これまで永きに続いている豊年祭等の継承
","地区全体的に暗い。せめて国道沿いだけでも夜間の外燈設置を望む
",2025-12-26 14:05:55
3323,139,女性,40代,今帰仁村,医療、福祉,,まったく思わない,まったく思わない,まったく思わない,まったく思わない,まったく思わない,まったく思わない,まったく思わない,まったく思わない,どちらでもない,どちらでもない,あまり思わない,まったく思わない,あまり思わない,どちらでもない,まったく思わない,まったく思わない,まったく思わない,まったく思わない,まったく思わない,まったく思わない,まったく思わない,まったく思わない,まったく思わない,あまり思わない,あまり思わない,"来訪者の消費額,来訪者の消費単価,延べ宿泊者数,来訪者満足度,リピーター率,住民満足度,地域への経済波及効果,活動実績",1,1,1,1,1,1,1,1,0,,0,"豊かな自然景観,地元の食文化,琉球の歴史・文化,のんびりとした時間の流れ,地域住民の人柄",1,1,1,1,1,0,,"自然の景観・体験,地元の料理,地域産品・お土産,伝統・文化",1,1,1,1,0,0,0,,10,8,満足,人が少ないからこそ静かな環境があり混雑してもそれほど苦を感じない。のんびりしている。開発されていないため手付かずのビーチや自然が残っている事。灯りが少ないからこそ星が美しく見える。これらが一つでも観光振興によって壊されることには不満。,大した開発がされていないこその自然が残り無料で楽しめる場所を見つける探検ができること。また本当に好きな人だけが訪れる場所が多いために治安が良いこと。星見できる場所が多いこと。沖縄の伝統文化や食事が気軽に楽しめること。,観光振興によって日夜問わずの静寂、夜の暗さがなくなることはやめてほしい。ジャングリアは村にとって大きな負債では？どうか口先だけの上手いコンサルタントに騙されず判断して欲しい。観光頼りの村づくりは水商売と同じで持続性は見出せず建設的でないと感じる。観光客の数は一過性に夏場は多く閑散期もある状態、数としては外国人も県外人もそれほど多くない今の状態が理想的に日常を過ごせる。同じ県内を例に出せば毎日道が混雑し海岸線には巨大なホテルが並び、景色が楽しめず地元民が誰でも好きなようにビーチに出入りできなくなってしまった恩納村のようにはなってほしくない。最後に観光とは無関係だが仲宗根西交差点で日中は交通ルールを厳守すると一台も右折ができないことが多くて困っているので矢印式信号機を設置してほしい。,2025-12-26 14:07:57
3324,140,男性,70代,今帰仁村,農林漁業,,あまり思わない,とても思う,とても思う,とても思う,あまり思わない,あまり思わない,とても思う,あまり思わない,どちらでもない,やや思う,あまり思わない,あまり思わない,とても思う,あまり思わない,やや思う,とても思う,やや思う,とても思う,とても思う,とても思う,やや思う,やや思う,あまり思わない,やや思う,やや思う,"来訪者満足度,地域への経済波及効果",0,0,0,1,0,0,1,0,0,,0,豊かな自然景観,1,0,0,0,0,0,,自然の景観・体験,1,0,0,0,0,0,0,,9,9,不満,,,,2025-12-26 14:18:12
3325,141,女性,70代,今帰仁村,お仕事をされていない,,やや思う,やや思う,やや思う,やや思う,どちらでもない,あまり思わない,あまり思わない,あまり思わない,あまり思わない,どちらでもない,どちらでもない,どちらでもない,どちらでもない,あまり思わない,あまり思わない,やや思う,やや思う,やや思う,やや思う,やや思う,どちらでもない,あまり思わない,あまり思わない,どちらでもない,あまり思わない,"来訪者の消費額,来訪者満足度,住民満足度,地域への経済波及効果",1,0,0,1,0,1,1,0,0,,0,"豊かな自然景観,地元の食文化,琉球の歴史・文化,地域住民の人柄",1,1,1,0,1,0,,"自然の景観・体験,地元の料理,地域産品・お土産,伝統・文化,お祭り・イベント",1,1,1,1,1,0,0,,6,6,どちらでもない,"祭りや特産品
","沖縄料理
今帰仁の特産品

","交通渋滞
横断歩道では歩行者を優先して欲しい",2025-12-26 14:21:10
3346,142,女性,20代,今帰仁村,小売業,,まったく思わない,まったく思わない,まったく思わない,まったく思わない,まったく思わない,まったく思わない,まったく思わない,まったく思わない,どちらでもない,まったく思わない,まったく思わない,まったく思わない,まったく思わない,まったく思わない,まったく思わない,まったく思わない,まったく思わない,まったく思わない,まったく思わない,まったく思わない,まったく思わない,まったく思わない,まったく思わない,まったく思わない,まったく思わない,特になし,0,0,0,0,0,0,0,0,0,,1,"豊かな自然景観,のんびりとした時間の流れ",1,0,0,1,0,0,,その他,0,0,0,0,0,0,1,おすすめしたくない、来てほしくない,2,2,大変不満,ない,ない,"内地や海外からの観光/移住によって地元民が不便を強いられる場面が多いので、来ないでほしい。
特にジャングリアは、自分の地元を失笑気味に話題にされることが多くなったので恥ずかしい。",2025-12-26 18:47:29
3347,143,男性,50代,本部町,農林漁業,,やや思う,とても思う,とても思う,とても思う,まったく思わない,まったく思わない,あまり思わない,まったく思わない,あまり思わない,あまり思わない,どちらでもない,まったく思わない,とても思う,まったく思わない,まったく思わない,とても思う,まったく思わない,あまり思わない,どちらでもない,とても思う,あまり思わない,どちらでもない,まったく思わない,やや思う,まったく思わない,"来訪者の消費額,リピーター率,地域への経済波及効果",1,0,0,0,1,0,1,0,0,,0,"豊かな自然景観,のんびりとした時間の流れ",1,0,0,1,0,0,,"自然の景観・体験,地域住民との交流",1,0,0,0,0,1,0,,6,7,不満,,,主要道路や主要道路から絶景スポットへの道路の景観（草刈り）は年中継続して景観が良い状態を保つ事は大事なのではないかと思います。,2025-12-26 18:58:47
3351,144,男性,70代,今帰仁村,農林漁業,,とても思う,やや思う,やや思う,やや思う,やや思う,やや思う,あまり思わない,やや思う,どちらでもない,やや思う,どちらでもない,やや思う,やや思う,あまり思わない,やや思う,やや思う,やや思う,やや思う,やや思う,やや思う,どちらでもない,どちらでもない,どちらでもない,どちらでもない,どちらでもない,"来訪者の消費額,延べ宿泊者数,来訪者満足度,リピーター率,住民満足度,地域への経済波及効果,活動実績",1,0,1,1,1,1,1,1,0,,0,"豊かな自然景観,地元の食文化,琉球の歴史・文化,のんびりとした時間の流れ,地域住民の人柄",1,1,1,1,1,0,,"自然の景観・体験,地元の料理,地域産品・お土産,伝統・文化,お祭り・イベント,地域住民との交流",1,1,1,1,1,1,0,,9,9,満足,,,,2025-12-27 6:36:20
3354,145,男性,60代,今帰仁村,公務,,どちらでもない,あまり思わない,どちらでもない,まったく思わない,まったく思わない,まったく思わない,まったく思わない,まったく思わない,まったく思わない,まったく思わない,まったく思わない,まったく思わない,どちらでもない,まったく思わない,まったく思わない,まったく思わない,どちらでもない,まったく思わない,まったく思わない,まったく思わない,まったく思わない,まったく思わない,まったく思わない,まったく思わない,まったく思わない,住民満足度,0,0,0,0,0,1,0,0,0,,0,その他,0,0,0,0,0,1,過疎地の生活困難,その他,0,0,0,0,0,0,1,国内植民地としての沖縄旅行,4,4,大変不満,なし,なし,渋滞解消と物価高騰、賃貸料高騰の解消,2025-12-27 8:33:12
3403,146,男性,70代,今帰仁村,宿泊業,,とても思う,とても思う,とても思う,とても思う,やや思う,やや思う,どちらでもない,やや思う,あまり思わない,やや思う,やや思う,あまり思わない,やや思う,あまり思わない,どちらでもない,とても思う,とても思う,とても思う,やや思う,やや思う,どちらでもない,やや思う,どちらでもない,やや思う,どちらでもない,"来訪者の消費単価,来訪者満足度,住民満足度,地域への経済波及効果,活動実績",0,1,0,1,0,1,1,1,0,,0,"豊かな自然景観,琉球の歴史・文化,のんびりとした時間の流れ",1,0,1,1,0,0,,"自然の景観・体験,地域産品・お土産,伝統・文化",1,0,1,1,0,0,0,,9,10,どちらでもない,環境全体、景観、緑の木々、点在する家家、海、離島の景色,誇りに思う事柄を肌で感じてほしい。,各市町村の観光協会を、訪れる観光客に積極的に利用してもらえる施設になる様に育ててほしい。育てるとは資金援助が鍵。そして出来れば主要な道路上に、統一的観光協会の案内板を設置。観光案内の最前線として観光協会が活動出来れば素晴らしい。誘客の最前線に立つべきなのは各市町村の観光協会であるべき。,2025-12-27 14:46:34
3509,147,女性,50代,今帰仁村,公務,,やや思う,やや思う,どちらでもない,やや思う,どちらでもない,どちらでもない,どちらでもない,どちらでもない,どちらでもない,どちらでもない,やや思う,どちらでもない,どちらでもない,どちらでもない,どちらでもない,やや思う,どちらでもない,やや思う,やや思う,どちらでもない,どちらでもない,どちらでもない,どちらでもない,やや思う,やや思う,"来訪者の消費額,延べ宿泊者数,地域への経済波及効果",1,0,1,0,0,0,1,0,0,,0,"豊かな自然景観,のんびりとした時間の流れ,地域住民の人柄",1,0,0,1,1,0,,"伝統・文化,地域住民との交流",0,0,0,1,0,1,0,,7,7,どちらでもない,,,,2025-12-28 23:35:25
3515,148,女性,40代,今帰仁村,教育、学習支援業,,どちらでもない,どちらでもない,まったく思わない,どちらでもない,やや思う,まったく思わない,まったく思わない,まったく思わない,まったく思わない,まったく思わない,まったく思わない,まったく思わない,やや思う,まったく思わない,まったく思わない,どちらでもない,まったく思わない,まったく思わない,まったく思わない,どちらでもない,どちらでもない,まったく思わない,まったく思わない,あまり思わない,あまり思わない,"来訪者の消費額,来訪者の消費単価,延べ宿泊者数",1,1,1,0,0,0,0,0,0,,0,"豊かな自然景観,のんびりとした時間の流れ",1,0,0,1,0,0,,"自然の景観・体験,地元の料理,地域産品・お土産",1,1,1,0,0,0,0,,10,10,どちらでもない,豊かな自然,静かによろしく,,2025-12-29 9:26:13
3569,149,男性,30代,今帰仁村,生活関連サービス業,,とても思う,とても思う,とても思う,とても思う,とても思う,とても思う,とても思う,とても思う,とても思う,とても思う,やや思う,どちらでもない,とても思う,やや思う,とても思う,とても思う,とても思う,とても思う,とても思う,とても思う,とても思う,とても思う,やや思う,とても思う,とても思う,"リピーター率,地域への経済波及効果",0,0,0,0,1,0,1,0,0,,0,"豊かな自然景観,地元の食文化,琉球の歴史・文化,のんびりとした時間の流れ,地域住民の人柄",1,1,1,1,1,0,,"自然の景観・体験,地元の料理,地域産品・お土産,伝統・文化,お祭り・イベント,地域住民との交流",1,1,1,1,1,1,0,,10,10,大変満足,,,,2025-12-29 19:55:04
3624,150,女性,40代,今帰仁村,公務,,やや思う,あまり思わない,あまり思わない,あまり思わない,やや思う,あまり思わない,あまり思わない,やや思う,どちらでもない,やや思う,どちらでもない,あまり思わない,あまり思わない,あまり思わない,やや思う,やや思う,やや思う,やや思う,やや思う,やや思う,どちらでもない,やや思う,あまり思わない,どちらでもない,やや思う,地域への経済波及効果,0,0,0,0,0,0,1,0,0,,0,"豊かな自然景観,地元の食文化,琉球の歴史・文化,のんびりとした時間の流れ,地域住民の人柄",1,1,1,1,1,0,,"自然の景観・体験,地元の料理,地域産品・お土産,伝統・文化",1,1,1,1,0,0,0,,8,8,満足,,,,2025-12-30 21:32:11
3699,151,男性,40代,名護市,建設業,,どちらでもない,とても思う,とても思う,とても思う,やや思う,やや思う,とても思う,やや思う,あまり思わない,やや思う,あまり思わない,あまり思わない,やや思う,どちらでもない,とても思う,とても思う,とても思う,とても思う,とても思う,とても思う,とても思う,やや思う,どちらでもない,あまり思わない,とても思う,"来訪者の消費額,来訪者の消費単価,リピーター率,地域への経済波及効果,活動実績",1,1,0,0,1,0,1,1,0,,0,"豊かな自然景観,地元の食文化,琉球の歴史・文化,のんびりとした時間の流れ,地域住民の人柄",1,1,1,1,1,0,,"地元の料理,伝統・文化,お祭り・イベント",0,1,0,1,1,0,0,,8,9,満足,地域の集まりやお祭りやイベントなど。,やんばる独自の文化があるのでそれを感じてほしい。,18時ごろ５８号線が混んでると感じる。,2026-01-01 9:54:51
3820,152,女性,50代,今帰仁村,公務,,どちらでもない,あまり思わない,あまり思わない,やや思う,あまり思わない,まったく思わない,まったく思わない,あまり思わない,あまり思わない,やや思う,やや思う,あまり思わない,やや思う,どちらでもない,まったく思わない,やや思う,どちらでもない,あまり思わない,あまり思わない,あまり思わない,あまり思わない,まったく思わない,まったく思わない,やや思う,どちらでもない,地域への経済波及効果,0,0,0,0,0,0,1,0,0,,0,"豊かな自然景観,琉球の歴史・文化,のんびりとした時間の流れ",1,0,1,1,0,0,,"自然の景観・体験,伝統・文化,お祭り・イベント",1,0,0,1,1,0,0,,6,4,どちらでもない,商業主義的な開発がされていないところが多い。,便利に開発されていない自然を楽しめること。,必要以上の開発は望みません。,2026-01-03 14:05:57
3849,153,その他,40代,名護市,飲食サービス業,,どちらでもない,まったく思わない,まったく思わない,まったく思わない,とても思う,まったく思わない,まったく思わない,どちらでもない,やや思う,どちらでもない,どちらでもない,やや思う,どちらでもない,やや思う,やや思う,まったく思わない,まったく思わない,まったく思わない,どちらでもない,どちらでもない,あまり思わない,どちらでもない,どちらでもない,どちらでもない,どちらでもない,"来訪者の消費額,来訪者の消費単価,延べ宿泊者数,来訪者満足度,リピーター率,住民満足度,地域への経済波及効果,活動実績",1,1,1,1,1,1,1,1,0,,0,"豊かな自然景観,地元の食文化,琉球の歴史・文化,のんびりとした時間の流れ,地域住民の人柄",1,1,1,1,1,0,,"自然の景観・体験,地元の料理,地域産品・お土産,伝統・文化,お祭り・イベント,地域住民との交流",1,1,1,1,1,1,0,,8,7,不満,,,"やんばるが放つ光を世界中から観にきてそして戻っていく素晴らしい環境
後先考えず視野が狭く全体思考のないダサい開発はやめていただきたい",2026-01-03 18:35:20
3850,154,男性,60代,今帰仁村,農林漁業,,やや思う,どちらでもない,あまり思わない,どちらでもない,あまり思わない,あまり思わない,あまり思わない,あまり思わない,あまり思わない,どちらでもない,あまり思わない,あまり思わない,まったく思わない,あまり思わない,まったく思わない,とても思う,まったく思わない,まったく思わない,まったく思わない,まったく思わない,あまり思わない,あまり思わない,まったく思わない,あまり思わない,まったく思わない,"来訪者の消費額,来訪者の消費単価,延べ宿泊者数,リピーター率,地域への経済波及効果,活動実績",1,1,1,0,1,0,1,1,0,,0,"豊かな自然景観,地元の食文化,のんびりとした時間の流れ",1,1,0,1,0,0,,"自然の景観・体験,伝統・文化,地域住民との交流",1,0,0,1,0,1,0,,10,10,不満,豊かな自然、地域の伝統文化を大切にしていること、,豊かな今帰仁村の自然環境を汚さないようにしていただければ幸いです。,外の環境変化に左右されない、心豊かな生活ができるようにしていただければと思います。外部に依存しない、自然によりそい自立した生活環境の創出を望む。,2026-01-03 18:42:14
3931,155,男性,30代,名護市,娯楽業,,やや思う,やや思う,やや思う,とても思う,どちらでもない,どちらでもない,やや思う,どちらでもない,どちらでもない,あまり思わない,あまり思わない,あまり思わない,どちらでもない,どちらでもない,どちらでもない,やや思う,やや思う,どちらでもない,どちらでもない,どちらでもない,どちらでもない,どちらでもない,どちらでもない,どちらでもない,どちらでもない,"地域への経済波及効果,活動実績",0,0,0,0,0,0,1,1,0,,0,"豊かな自然景観,のんびりとした時間の流れ",1,0,0,1,0,0,,"自然の景観・体験,お祭り・イベント",1,0,0,0,1,0,0,,8,8,どちらでもない,,,,2026-01-05 9:21:33
3943,156,女性,40代,名護市,娯楽業,,やや思う,あまり思わない,あまり思わない,あまり思わない,やや思う,あまり思わない,あまり思わない,あまり思わない,あまり思わない,どちらでもない,やや思う,あまり思わない,どちらでもない,あまり思わない,あまり思わない,やや思う,あまり思わない,あまり思わない,あまり思わない,どちらでもない,あまり思わない,あまり思わない,あまり思わない,あまり思わない,あまり思わない,"来訪者満足度,住民満足度,地域への経済波及効果,活動実績",0,0,0,1,0,1,1,1,0,,0,"豊かな自然景観,地元の食文化,琉球の歴史・文化,のんびりとした時間の流れ",1,1,1,1,0,0,,"自然の景観・体験,地元の料理,地域産品・お土産,伝統・文化,お祭り・イベント",1,1,1,1,1,0,0,,8,8,どちらでもない,,,"観光＝開発ではないと思います。これ以上の開発が必要でしょうか？
観光客を受け入れる為に、自然環境が壊されるのであれば、観光客を積極的に受け入れるにはならないと思います。
また、どこに行っても同じような観光体験では観光客の取り合いになり、共倒れするだけではないか？と思います。
各地域での差別化・区別化等、地域全体がプラス効果を生むように戦略的に観光地形成が出来るようになると良いと思います。
また、地域経済においても内地化（大型ショッピングモールや小売店等）するのではなく、沖縄ならでもオリジナリティを出せると、他地域との差別化にもなると思います。
観光客に対してのマナー等の徹底も地域住民にとっては住みやすさに影響が出ると思います。
観光の良い面だけを問うのではなく、マイナス面に対しての課題抽出・課題解決の検討をされることを期待します。",2026-01-05 13:27:10
4004,157,女性,40代,今帰仁村,学術研究、専門、技術サービス業,,とても思う,とても思う,とても思う,とても思う,とても思う,とても思う,とても思う,とても思う,とても思う,とても思う,とても思う,やや思う,やや思う,やや思う,やや思う,とても思う,とても思う,とても思う,とても思う,とても思う,やや思う,とても思う,やや思う,やや思う,とても思う,"来訪者の消費額,来訪者の消費単価,延べ宿泊者数,来訪者満足度,リピーター率,住民満足度,地域への経済波及効果,活動実績",1,1,1,1,1,1,1,1,0,,0,"豊かな自然景観,琉球の歴史・文化,のんびりとした時間の流れ",1,0,1,1,0,0,,"自然の景観・体験,地元の料理,地域産品・お土産",1,1,1,0,0,0,0,,10,10,大変満足,自然環境との調和,やんばるエリアの海のキレイさ,,2026-01-07 12:19:55
4005,158,女性,40代,恩納村,宿泊業,清掃,まったく思わない,とても思う,とても思う,とても思う,まったく思わない,やや思う,やや思う,どちらでもない,あまり思わない,まったく思わない,とても思う,まったく思わない,どちらでもない,あまり思わない,とても思う,とても思う,とても思う,とても思う,とても思う,とても思う,やや思う,やや思う,やや思う,とても思う,とても思う,"来訪者の消費額,来訪者の消費単価,延べ宿泊者数,来訪者満足度,リピーター率,住民満足度,地域への経済波及効果,活動実績",1,1,1,1,1,1,1,1,0,,0,"豊かな自然景観,地元の食文化,琉球の歴史・文化,のんびりとした時間の流れ,地域住民の人柄",1,1,1,1,1,0,,"自然の景観・体験,地元の料理,地域産品・お土産,伝統・文化,お祭り・イベント,地域住民との交流",1,1,1,1,1,1,0,,10,10,大変満足,"住民参加型の行事が続いていること。
参加者も減る一方でも、大切なことだと思う。",なぜか、観光客のルートが偏っているように感じる。ガイドブックにない飲食店にも足を運んで活性化させて欲しい。,"看板、案内表示が無い、または少なく
何を観に来たのか分からず通り過ぎるという所をよく見かける。歴史についても明確に誰にでも分かるよう案内して欲しい。",2026-01-07 12:34:23
4035,159,女性,40代,本部町,情報通信業,,やや思う,とても思う,やや思う,やや思う,やや思う,どちらでもない,やや思う,やや思う,やや思う,どちらでもない,やや思う,あまり思わない,やや思う,どちらでもない,やや思う,とても思う,やや思う,とても思う,やや思う,やや思う,どちらでもない,とても思う,どちらでもない,やや思う,どちらでもない,"来訪者満足度,住民満足度,地域への経済波及効果",0,0,0,1,0,1,1,0,0,,0,"豊かな自然景観,地元の食文化,琉球の歴史・文化,のんびりとした時間の流れ",1,1,1,1,0,0,,"自然の景観・体験,地元の料理,地域産品・お土産,伝統・文化,お祭り・イベント",1,1,1,1,1,0,0,,10,10,満足,地域の行事等(豊年祭など),,,2026-01-08 9:56:35
4036,160,男性,70代,本部町,お仕事をされていない,,まったく思わない,あまり思わない,あまり思わない,まったく思わない,どちらでもない,まったく思わない,まったく思わない,まったく思わない,どちらでもない,やや思う,どちらでもない,あまり思わない,あまり思わない,まったく思わない,あまり思わない,どちらでもない,まったく思わない,まったく思わない,まったく思わない,どちらでもない,あまり思わない,どちらでもない,まったく思わない,まったく思わない,あまり思わない,"来訪者の消費額,来訪者の消費単価,延べ宿泊者数,住民満足度,地域への経済波及効果",1,1,1,0,0,1,1,0,0,,0,"豊かな自然景観,琉球の歴史・文化,のんびりとした時間の流れ",1,0,1,1,0,0,,その他,0,0,0,0,0,0,1,なし,8,6,大変不満,,,,2026-01-08 9:59:02
4037,161,女性,50代,本部町,その他,,どちらでもない,やや思う,とても思う,やや思う,あまり思わない,どちらでもない,やや思う,あまり思わない,とても思う,とても思う,どちらでもない,やや思う,とても思う,とても思う,やや思う,とても思う,どちらでもない,やや思う,あまり思わない,やや思う,どちらでもない,どちらでもない,あまり思わない,あまり思わない,あまり思わない,"来訪者の消費額,来訪者の消費単価,来訪者満足度,リピーター率,地域への経済波及効果",1,1,0,1,1,0,1,0,0,,0,"豊かな自然景観,琉球の歴史・文化,のんびりとした時間の流れ,地域住民の人柄",1,0,1,1,1,0,,"自然の景観・体験,地元の料理,地域産品・お土産,伝統・文化",1,1,1,1,0,0,0,,6,4,どちらでもない,,,,2026-01-08 10:02:40
4038,162,男性,40代,本部町,生活関連サービス業,,まったく思わない,とても思う,とても思う,とても思う,とても思う,とても思う,とても思う,とても思う,とても思う,とても思う,とても思う,とても思う,とても思う,とても思う,とても思う,とても思う,とても思う,とても思う,とても思う,とても思う,とても思う,とても思う,とても思う,とても思う,とても思う,"来訪者の消費額,延べ宿泊者数,来訪者満足度,リピーター率,地域への経済波及効果",1,0,1,1,1,0,1,0,0,,0,"豊かな自然景観,地元の食文化,のんびりとした時間の流れ,地域住民の人柄",1,1,0,1,1,0,,"自然の景観・体験,地元の料理,地域住民との交流",1,1,0,0,0,1,0,,8,8,満足,,,,2026-01-08 10:02:58
4039,163,男性,60代,本部町,お仕事をされていない,,とても思う,とても思う,とても思う,とても思う,とても思う,やや思う,どちらでもない,どちらでもない,やや思う,やや思う,やや思う,あまり思わない,やや思う,あまり思わない,どちらでもない,とても思う,やや思う,やや思う,やや思う,やや思う,やや思う,どちらでもない,あまり思わない,どちらでもない,やや思う,"来訪者の消費額,来訪者の消費単価,延べ宿泊者数,リピーター率",1,1,1,0,1,0,0,0,0,,0,"豊かな自然景観,地元の食文化,のんびりとした時間の流れ",1,1,0,1,0,0,,"自然の景観・体験,地元の料理,お祭り・イベント",1,1,0,0,1,0,0,,10,10,どちらでもない,,,,2026-01-08 10:05:58
4040,164,女性,50代,本部町,製造業,,やや思う,とても思う,とても思う,とても思う,まったく思わない,まったく思わない,まったく思わない,まったく思わない,とても思う,まったく思わない,まったく思わない,まったく思わない,やや思う,あまり思わない,まったく思わない,とても思う,あまり思わない,やや思う,とても思う,とても思う,あまり思わない,まったく思わない,まったく思わない,まったく思わない,やや思う,地域への経済波及効果,0,0,0,0,0,0,1,0,0,,0,"豊かな自然景観,地元の食文化,琉球の歴史・文化,地域住民の人柄",1,1,1,0,1,0,,"地元の料理,伝統・文化,お祭り・イベント",0,1,0,1,1,0,0,,5,8,満足,伝統芸能、自然豊かな町,,道路の木の危険度の高い場所が多すぎる。木で車が見えにくい事故に繋がる。狭い道路なのに木の葉が道路に出過ぎている。木が街を壊しているところもある。木の種類や植え方に改善すべきだと思います。沖縄本島が観光地だと思っているので、観光客を迎える、走る道路は年間通してキレイしてに迎えるべきです。,2026-01-08 10:16:05
4041,165,男性,60代,本部町,宿泊業,,とても思う,とても思う,とても思う,とても思う,とても思う,とても思う,どちらでもない,とても思う,とても思う,あまり思わない,まったく思わない,どちらでもない,やや思う,どちらでもない,とても思う,とても思う,やや思う,とても思う,やや思う,とても思う,とても思う,とても思う,どちらでもない,とても思う,とても思う,"延べ宿泊者数,来訪者満足度,住民満足度,地域への経済波及効果,活動実績",0,0,1,1,0,1,1,1,0,,0,"豊かな自然景観,地元の食文化,地域住民の人柄",1,1,0,0,1,0,,"自然の景観・体験,地元の料理,地域産品・お土産,伝統・文化,お祭り・イベント,地域住民との交流",1,1,1,1,1,1,0,,7,8,どちらでもない,自然環境,自然環境,"インフラ整備
鉄道、空港など",2026-01-08 10:16:30
4044,166,男性,50代,伊是名村,生活関連サービス業,,あまり思わない,どちらでもない,あまり思わない,あまり思わない,まったく思わない,どちらでもない,どちらでもない,あまり思わない,まったく思わない,どちらでもない,まったく思わない,どちらでもない,どちらでもない,まったく思わない,まったく思わない,どちらでもない,どちらでもない,どちらでもない,どちらでもない,どちらでもない,どちらでもない,あまり思わない,まったく思わない,どちらでもない,まったく思わない,"来訪者満足度,リピーター率,住民満足度,その他",0,0,0,1,1,1,0,0,1,来訪者が何故やんばるを訪れるのか。目的に対し、満足しているのか。,0,"豊かな自然景観,地元の食文化,琉球の歴史・文化,のんびりとした時間の流れ,地域住民の人柄",1,1,1,1,1,0,,"自然の景観・体験,地元の料理,地域産品・お土産,伝統・文化,お祭り・イベント",1,1,1,1,1,0,0,,6,7,どちらでもない,海が綺麗だったが、観光誘客のためのハード工事などで、利便性は高まっても自然資源が破壊、悪化してきている。,,やんばるは、独特な自然環境が世界に誇れる、他の地域と明確な利がある。やんばる独特の自然を観光に訪れる来訪者を主に、必要最低限のサービス提供をする事で、一般住民の負担もかけず持続可能な観光地になるのでは。旅行者の利便性を高める必要性と、本来あるべきやんばるの自然、人々の生活、活動が比例して良くなる事であれば、進めても良いと思う。,2026-01-08 10:18:56
4045,167,男性,50代,本部町,その他,ダイビング業者,やや思う,とても思う,あまり思わない,とても思う,あまり思わない,まったく思わない,まったく思わない,まったく思わない,まったく思わない,まったく思わない,まったく思わない,まったく思わない,やや思う,あまり思わない,まったく思わない,とても思う,あまり思わない,あまり思わない,やや思う,どちらでもない,まったく思わない,まったく思わない,まったく思わない,あまり思わない,まったく思わない,"来訪者の消費額,リピーター率,地域への経済波及効果",1,0,0,0,1,0,1,0,0,,0,"豊かな自然景観,地域住民の人柄",1,0,0,0,1,0,,自然の景観・体験,1,0,0,0,0,0,0,,7,5,大変不満,伝統芸能の継承,,,2026-01-08 10:24:01
4046,168,男性,40代,本部町,運輸業、郵便業,,やや思う,やや思う,やや思う,やや思う,やや思う,あまり思わない,どちらでもない,あまり思わない,どちらでもない,あまり思わない,あまり思わない,あまり思わない,やや思う,まったく思わない,やや思う,やや思う,やや思う,やや思う,やや思う,やや思う,あまり思わない,まったく思わない,あまり思わない,どちらでもない,どちらでもない,"来訪者の消費額,来訪者満足度,リピーター率,住民満足度",1,0,0,1,1,1,0,0,0,,0,"豊かな自然景観,のんびりとした時間の流れ",1,0,0,1,0,0,,自然の景観・体験,1,0,0,0,0,0,0,,8,8,どちらでもない,,,,2026-01-08 10:28:50
4047,169,男性,30代,本部町,情報通信業,,とても思う,とても思う,とても思う,とても思う,やや思う,やや思う,やや思う,やや思う,やや思う,やや思う,あまり思わない,あまり思わない,とても思う,あまり思わない,やや思う,やや思う,とても思う,やや思う,やや思う,とても思う,あまり思わない,どちらでもない,あまり思わない,どちらでもない,とても思う,"来訪者の消費額,来訪者の消費単価,延べ宿泊者数,地域への経済波及効果",1,1,1,0,0,0,1,0,0,,0,"豊かな自然景観,地元の食文化,のんびりとした時間の流れ",1,1,0,1,0,0,,"自然の景観・体験,地元の料理,地域産品・お土産",1,1,1,0,0,0,0,,7,8,どちらでもない,綺麗な海、沖縄らしい景観,,"・高齢化や相続がうまくできていない放置されたサトウキビ畑や雑木林により、
　景観が悪くなるだけでなく、視界不良による観光客の運転の危険性、害虫の大量発生などにつながっている。
買収されて再開発される一部のエリアと、そうでないエリアの差が激しく、人の交流の分断や、経済的格差の拡大につながっていきそう。",2026-01-08 10:33:14
4048,170,女性,50代,本部町,学術研究、専門、技術サービス業,,とても思う,やや思う,やや思う,やや思う,やや思う,やや思う,やや思う,どちらでもない,どちらでもない,どちらでもない,あまり思わない,やや思う,とても思う,やや思う,やや思う,とても思う,やや思う,やや思う,やや思う,やや思う,とても思う,やや思う,やや思う,やや思う,やや思う,"リピーター率,住民満足度,活動実績",0,0,0,0,1,1,0,1,0,,0,"地元の食文化,地域住民の人柄",0,1,0,0,1,0,,"自然の景観・体験,地元の料理,お祭り・イベント",1,1,0,0,1,0,0,,7,8,満足,,,,2026-01-08 10:34:56
4049,171,男性,40代,本部町,農林漁業,,とても思う,とても思う,とても思う,とても思う,どちらでもない,どちらでもない,やや思う,やや思う,あまり思わない,やや思う,やや思う,あまり思わない,どちらでもない,どちらでもない,やや思う,やや思う,どちらでもない,どちらでもない,どちらでもない,どちらでもない,どちらでもない,やや思う,やや思う,どちらでもない,どちらでもない,"来訪者の消費額,来訪者の消費単価,延べ宿泊者数,来訪者満足度,リピーター率,住民満足度,地域への経済波及効果,活動実績",1,1,1,1,1,1,1,1,0,,0,"豊かな自然景観,地元の食文化,琉球の歴史・文化,のんびりとした時間の流れ",1,1,1,1,0,0,,"自然の景観・体験,地元の料理,地域産品・お土産,伝統・文化,お祭り・イベント",1,1,1,1,1,0,0,,3,5,不満,自然、文化,自然、文化,道路周辺の木を伐採して欲しい。近所の道具は地域住民でもボランティアで草刈りしているが、木々については大きくなりすぎて個人ではどうしようもなくなっており、電線にも近く停電の発生などの恐れや倒木も恐れもある。沖電に連絡しても電線に接触してる箇所を少ししか切ってくれない。道路周辺の環境を整備することで、観光にも地元にも良い影響を与えて観光客の満足度や地元住民の生活環境の向上にも繋がる。宿泊税をこの様な環境整備にも使ってほしい！絶対に取り組む必要がある。アンケートするならこの様な住民の意見も取り入れて欲しい。沖電などど協定や委託契約を結び電線周辺の木を切る時にもっと低い位置から伐採してもらうことなども検討して欲しい,2026-01-08 10:35:00
4050,172,男性,30代,本部町,お仕事をされていない,,まったく思わない,まったく思わない,とても思う,まったく思わない,まったく思わない,まったく思わない,どちらでもない,まったく思わない,とても思う,まったく思わない,まったく思わない,まったく思わない,あまり思わない,あまり思わない,あまり思わない,どちらでもない,どちらでもない,どちらでもない,とても思う,まったく思わない,やや思う,どちらでもない,まったく思わない,まったく思わない,とても思う,特になし,0,0,0,0,0,0,0,0,0,,1,のんびりとした時間の流れ,0,0,0,1,0,0,,地域産品・お土産,0,0,1,0,0,0,0,,8,5,大変不満,交通の便がとても少ない気がします。,特になく,渋滞は北部観光ではとても大きな課題としてジャングリア沖縄が出来て、とても北部の地域住民としては、とても脅威として考えてください。行政さん。,2026-01-08 10:46:32
4051,173,女性,40代,本部町,医療、福祉,,どちらでもない,どちらでもない,どちらでもない,あまり思わない,あまり思わない,どちらでもない,あまり思わない,あまり思わない,あまり思わない,あまり思わない,どちらでもない,まったく思わない,どちらでもない,あまり思わない,どちらでもない,どちらでもない,どちらでもない,あまり思わない,どちらでもない,どちらでもない,あまり思わない,あまり思わない,あまり思わない,あまり思わない,あまり思わない,住民満足度,0,0,0,0,0,1,0,0,0,,0,"豊かな自然景観,のんびりとした時間の流れ",1,0,0,1,0,0,,"自然の景観・体験,お祭り・イベント",1,0,0,0,1,0,0,,5,5,どちらでもない,,,"●レンタカー等が増え、地域住民が車両を停める事ができない。(特に備瀬地区)
●外国人の方への案内を増やしてほしい。標識など、わからない方も多い。

",2026-01-08 11:01:10
4052,174,女性,40代,本部町,学術研究、専門、技術サービス業,,とても思う,とても思う,とても思う,とても思う,やや思う,どちらでもない,あまり思わない,やや思う,どちらでもない,やや思う,やや思う,どちらでもない,やや思う,どちらでもない,やや思う,とても思う,とても思う,とても思う,とても思う,やや思う,やや思う,やや思う,どちらでもない,やや思う,やや思う,"来訪者の消費額,来訪者の消費単価,延べ宿泊者数,来訪者満足度,リピーター率,住民満足度,地域への経済波及効果,活動実績",1,1,1,1,1,1,1,1,0,,0,"豊かな自然景観,地元の食文化,琉球の歴史・文化,のんびりとした時間の流れ,地域住民の人柄",1,1,1,1,1,0,,"自然の景観・体験,地元の料理,地域産品・お土産,伝統・文化,お祭り・イベント,地域住民との交流",1,1,1,1,1,1,0,,8,10,大変満足,,,,2026-01-08 11:16:26
4053,175,女性,20代,本部町,飲食サービス業,,とても思う,とても思う,とても思う,とても思う,まったく思わない,まったく思わない,あまり思わない,まったく思わない,まったく思わない,まったく思わない,まったく思わない,まったく思わない,とても思う,まったく思わない,まったく思わない,とても思う,あまり思わない,あまり思わない,とても思う,とても思う,とても思う,とても思う,まったく思わない,とても思う,とても思う,"来訪者の消費額,来訪者満足度,地域への経済波及効果",1,0,0,1,0,0,1,0,0,,0,"豊かな自然景観,地元の食文化,のんびりとした時間の流れ,地域住民の人柄",1,1,0,1,1,0,,"自然の景観・体験,地元の料理,地域産品・お土産,お祭り・イベント,地域住民との交流",1,1,1,0,1,1,0,,10,10,大変満足,長く根付いてる、地域のお店。,"美ら海水族館だけじゃなくて
長く滞在することでゆったりした雰囲気で、リラックスできる場所ということを伝えるべき。",本部町の桜祭りの期間は、八重岳に登る車1台に関して500円を徴収してほしい。また、地元の人が地元離れをして過疎化が進んでるため観光客の需要に応えられていないので地元の人が地元を離れない策を先に考えるべき。,2026-01-08 11:20:42
4054,176,女性,50代,本部町,お仕事をされていない,,やや思う,やや思う,やや思う,とても思う,どちらでもない,どちらでもない,どちらでもない,あまり思わない,あまり思わない,あまり思わない,あまり思わない,あまり思わない,やや思う,あまり思わない,やや思う,やや思う,あまり思わない,やや思う,やや思う,どちらでもない,どちらでもない,どちらでもない,あまり思わない,やや思う,どちらでもない,"来訪者の消費単価,リピーター率,住民満足度,活動実績",0,1,0,0,1,1,0,1,0,,0,"豊かな自然景観,琉球の歴史・文化,のんびりとした時間の流れ",1,0,1,1,0,0,,"自然の景観・体験,伝統・文化,地域住民との交流",1,0,0,1,0,1,0,,5,6,どちらでもない,,,,2026-01-08 11:29:36
4055,177,男性,40代,伊是名村,公務,,どちらでもない,とても思う,やや思う,とても思う,やや思う,どちらでもない,やや思う,どちらでもない,どちらでもない,やや思う,やや思う,やや思う,やや思う,どちらでもない,やや思う,とても思う,やや思う,とても思う,やや思う,とても思う,やや思う,やや思う,どちらでもない,やや思う,どちらでもない,"来訪者の消費額,来訪者の消費単価,延べ宿泊者数,来訪者満足度,リピーター率,住民満足度,地域への経済波及効果",1,1,1,1,1,1,1,0,0,,0,"豊かな自然景観,地元の食文化,琉球の歴史・文化,地域住民の人柄",1,1,1,0,1,0,,"自然の景観・体験,地元の料理,伝統・文化,お祭り・イベント",1,1,0,1,1,0,0,,8,9,どちらでもない,本村は伝統文化・遺産などが数多く残っている離島なので、そこを次世代に継承していきたい。,やはり唯一無二の自然や文化・芸能に触れて、非日常的な体験を味わってもらいたい。,名護市内から今帰仁・運天港までの路線バスの本数を増加させて欲しい。,2026-01-08 11:42:57
4058,178,男性,40代,本部町,生活関連サービス業,ホテルスパ運営,やや思う,とても思う,とても思う,とても思う,やや思う,あまり思わない,あまり思わない,どちらでもない,どちらでもない,あまり思わない,あまり思わない,あまり思わない,やや思う,あまり思わない,あまり思わない,とても思う,とても思う,とても思う,とても思う,やや思う,とても思う,やや思う,どちらでもない,とても思う,とても思う,"来訪者の消費額,来訪者の消費単価,延べ宿泊者数,来訪者満足度,リピーター率,住民満足度,地域への経済波及効果,活動実績",1,1,1,1,1,1,1,1,0,,0,"豊かな自然景観,地元の食文化,琉球の歴史・文化,地域住民の人柄",1,1,1,0,1,0,,"自然の景観・体験,地元の料理,伝統・文化,地域住民との交流",1,1,0,1,0,1,0,,5,7,どちらでもない,,,,2026-01-08 11:45:28
4059,179,男性,60代,本部町,農林漁業,,とても思う,とても思う,とても思う,とても思う,やや思う,あまり思わない,とても思う,やや思う,やや思う,やや思う,あまり思わない,やや思う,とても思う,あまり思わない,やや思う,とても思う,やや思う,とても思う,やや思う,とても思う,あまり思わない,あまり思わない,あまり思わない,あまり思わない,あまり思わない,"来訪者の消費額,住民満足度,地域への経済波及効果",1,0,0,0,0,1,1,0,0,,0,"豊かな自然景観,地元の食文化",1,1,0,0,0,0,,"自然の景観・体験,お祭り・イベント",1,0,0,0,1,0,0,,5,6,満足,海がきれい,住民の通勤時間帯は車での移動は避けて欲しい、道路が渋滞して困る。,"道路を直して欲しい、役場前の道は最悪、
マハイナホテルの周辺は右折レーンなどを作り、渋滞を減らして欲しい、あとセンターライン、標識を増やして観光客に注意喚起をお願いします、私は逆走して来た外国人観光客と2回正面衝突しそうになりました。",2026-01-08 11:46:32
4063,180,その他,50代,本部町,飲食サービス業,,やや思う,やや思う,やや思う,やや思う,やや思う,まったく思わない,まったく思わない,まったく思わない,どちらでもない,まったく思わない,どちらでもない,あまり思わない,やや思う,あまり思わない,やや思う,どちらでもない,まったく思わない,どちらでもない,まったく思わない,どちらでもない,まったく思わない,まったく思わない,まったく思わない,あまり思わない,あまり思わない,"来訪者の消費額,来訪者の消費単価,延べ宿泊者数,来訪者満足度,リピーター率,住民満足度,地域への経済波及効果,その他",1,1,1,1,1,1,1,0,1,来訪エリア,0,"豊かな自然景観,地元の食文化,のんびりとした時間の流れ,地域住民の人柄,その他",1,1,0,1,1,1,テーマパークではない。,"自然の景観・体験,地元の料理",1,1,0,0,0,0,0,,5,5,満足,そのままの自然環境と食文化,"都会から訪問される観光客には、海や山などの自然で癒されてほしい。
企業には、もう自然を壊して開発はしないでほしい。","地域住民が住みやすい地域にするためには、全ての地域を観光地にするのではなく、エリアを分けてほしい。
備瀬を見てわかる通り、観光客が多すぎて、生活環境の悪化や企業や観光客とのトラブルがある。これ以上の観光施策は必要ない。トラブル処理にお金を使ってほしい。

生活環境を守って！
他の地域でも同様である。",2026-01-08 12:26:18
4065,181,男性,60代,本部町,公務,,まったく思わない,とても思う,とても思う,とても思う,あまり思わない,どちらでもない,どちらでもない,どちらでもない,どちらでもない,やや思う,どちらでもない,あまり思わない,やや思う,あまり思わない,まったく思わない,とても思う,やや思う,とても思う,やや思う,とても思う,どちらでもない,やや思う,どちらでもない,あまり思わない,どちらでもない,リピーター率,0,0,0,0,1,0,0,0,0,,0,"豊かな自然景観,地元の食文化,琉球の歴史・文化",1,1,1,0,0,0,,"自然の景観・体験,地元の料理,地域産品・お土産,伝統・文化,お祭り・イベント,地域住民との交流",1,1,1,1,1,1,0,,10,8,満足,,,,2026-01-08 12:35:25
4066,182,女性,50代,本部町,飲食サービス業,,やや思う,とても思う,とても思う,とても思う,あまり思わない,まったく思わない,あまり思わない,まったく思わない,どちらでもない,あまり思わない,あまり思わない,まったく思わない,やや思う,あまり思わない,あまり思わない,とても思う,あまり思わない,どちらでもない,やや思う,やや思う,あまり思わない,やや思う,まったく思わない,あまり思わない,どちらでもない,"来訪者満足度,地域への経済波及効果",0,0,0,1,0,0,1,0,0,,0,"豊かな自然景観,のんびりとした時間の流れ",1,0,0,1,0,0,,"自然の景観・体験,地域産品・お土産",1,0,1,0,0,0,0,,8,8,不満,"自然環境
","自然の中で何もしない贅沢を感じてほしい
人が作り与えてくれる楽しみではなくて、自然そのままを感じ、ゆったり過ごす時間
","陸上交通、海上交通の連携
バス便も船便も少ないけれど、時間的な連携があれば不便さが減り利用客も増える
結果増便も考えられ、やんばる地域で暮らす人達にとっても便利になる
現在の状態では観光客が限られた時間の中で利用するには不便過ぎるし、住民の普段の利用にも不便",2026-01-08 12:44:47
4068,183,男性,40代,金武町,宿泊業,,やや思う,どちらでもない,あまり思わない,あまり思わない,まったく思わない,まったく思わない,どちらでもない,どちらでもない,どちらでもない,やや思う,まったく思わない,あまり思わない,どちらでもない,どちらでもない,どちらでもない,どちらでもない,どちらでもない,どちらでもない,どちらでもない,どちらでもない,どちらでもない,あまり思わない,あまり思わない,どちらでもない,どちらでもない,その他,0,0,0,0,0,0,0,0,1,観光客の目的,0,のんびりとした時間の流れ,0,0,0,1,0,0,,伝統・文化,0,0,0,1,0,0,0,,5,5,どちらでもない,,,,2026-01-08 12:50:31
4072,184,男性,60代,本部町,宿泊業,,とても思う,とても思う,とても思う,とても思う,とても思う,どちらでもない,どちらでもない,やや思う,やや思う,どちらでもない,どちらでもない,どちらでもない,やや思う,あまり思わない,やや思う,とても思う,やや思う,やや思う,やや思う,とても思う,やや思う,やや思う,どちらでもない,やや思う,とても思う,"来訪者の消費額,来訪者の消費単価,延べ宿泊者数,来訪者満足度,リピーター率,地域への経済波及効果,活動実績",1,1,1,1,1,0,1,1,0,,0,"豊かな自然景観,地元の食文化,琉球の歴史・文化,のんびりとした時間の流れ,地域住民の人柄",1,1,1,1,1,0,,"自然の景観・体験,地元の料理,地域産品・お土産,伝統・文化,お祭り・イベント",1,1,1,1,1,0,0,,8,8,満足,,,,2026-01-08 14:12:58
4083,185,女性,60代,本部町,医療、福祉,,やや思う,やや思う,とても思う,とても思う,とても思う,あまり思わない,あまり思わない,どちらでもない,あまり思わない,どちらでもない,やや思う,どちらでもない,やや思う,どちらでもない,とても思う,とても思う,やや思う,とても思う,どちらでもない,やや思う,やや思う,どちらでもない,どちらでもない,どちらでもない,どちらでもない,"延べ宿泊者数,リピーター率",0,0,1,0,1,0,0,0,0,,0,"豊かな自然景観,のんびりとした時間の流れ",1,0,0,1,0,0,,"自然の景観・体験,地域産品・お土産,お祭り・イベント",1,0,1,0,1,0,0,,8,6,どちらでもない,,,,2026-01-08 18:37:52
4084,186,男性,10代,国頭村,小売業,,とても思う,とても思う,どちらでもない,とても思う,どちらでもない,とても思う,やや思う,やや思う,どちらでもない,どちらでもない,やや思う,やや思う,とても思う,とても思う,やや思う,やや思う,とても思う,とても思う,とても思う,とても思う,とても思う,とても思う,とても思う,とても思う,とても思う,地域への経済波及効果,0,0,0,0,0,0,1,0,0,,0,"豊かな自然景観,琉球の歴史・文化,地域住民の人柄",1,0,1,0,1,0,,"自然の景観・体験,地元の料理,地域産品・お土産,伝統・文化,お祭り・イベント,地域住民との交流",1,1,1,1,1,1,0,,10,10,大変満足,観光,最高です,特になし,2026-01-08 18:41:29
