Synergy!ID,HistoryID,旅行目的(訪日),旅行目的(訪日)_その他_text,同行者(訪日),同行者(訪日)_その他_text,滞在日数(訪日),滞在予算(訪日),宿泊予算(訪日),通貨(訪日),訪問回数(訪日),訪問目的(沖縄県)ALL,訪問目的(沖縄県)_宿でのんびり過ごす,訪問目的(沖縄県)_リゾートホテルを楽しむ,訪問目的(沖縄県)_地元の美味しいものを食べる,訪問目的(沖縄県)_花見などの自然鑑賞,訪問目的(沖縄県)_名所、旧跡の観光,訪問目的(沖縄県)_テーマパーク:沖縄美ら海水族館,訪問目的(沖縄県)_テーマパーク:JUNGLIA,訪問目的(沖縄県)_テーマパーク:その他,訪問目的(沖縄県)_買い物_アウトレット,訪問目的(沖縄県)_お祭りやイベントへの参加・見物,訪問目的(沖縄県)_地域の行事,訪問目的(沖縄県)_スポーツ観戦や芸能鑑賞(コンサート等),訪問目的(沖縄県)_アウトドア:ビーチ・海水浴,訪問目的(沖縄県)_アウトドア:マリンスポーツ,訪問目的(沖縄県)_アウトドア:登山・トレッキング,訪問目的(沖縄県)_アウトドア:キャンプ,訪問目的(沖縄県)_まちあるき・集落散策,訪問目的(沖縄県)_各種体験(手作り、果物狩りなど),訪問目的(沖縄県)_その他スポーツ(ゴルフ、テニスなど),訪問目的(沖縄県)_ドライブ・ツーリング,訪問目的(沖縄県)_友人・親戚を尋ねる,訪問目的(沖縄県)_出張など仕事関係,訪問目的(沖縄県)_その他,訪問目的(沖縄県)_その他_text,情報収集(沖縄県)_ALL,情報収集(沖縄県)_日本政府観光局(JNTO)ホームページ,情報収集(沖縄県)_旅行会社ホームページ,情報収集(沖縄県)_宿泊施設ホームページ,情報収集(沖縄県)_航空会社ホームページ,情報収集(沖縄県)_地方観光協会ホームページ,情報収集(沖縄県)_宿泊予約サイト(例:Agoda、Expedia、Booking.com等),情報収集(沖縄県)_口コミサイト(Tripadvisor等),情報収集(沖縄県)_Google Mapなどの地図アプリやサイトでの検索,情報収集(沖縄県)_Instagram,情報収集(沖縄県)_X(Twitter),情報収集(沖縄県)_Facebook,情報収集(沖縄県)_YouTube,情報収集(沖縄県)_その他SNS,情報収集(沖縄県)_個人のブログ,情報収集(沖縄県)_その他インターネットサイト(検索サイトを除く),情報収集(沖縄県)_日本政府観光局の案内所,情報収集(沖縄県)_旅行会社パンフレット,情報収集(沖縄県)_旅行ガイドブック,情報収集(沖縄県)_自国の親戚・知人,情報収集(沖縄県)_日本在住の親族・知人,情報収集(沖縄県)_旅行の展示会や見本市,情報収集(沖縄県)_テレビ番組,情報収集(沖縄県)_新聞,情報収集(沖縄県)_旅行専門誌,情報収集(沖縄県)_その他雑誌,情報収集(沖縄県)_Chat GPT等の生成AI,情報収集(沖縄県)_観光協会・空港・道の駅等の案内所,情報収集(沖縄県)_タクシードライバーや地元の人,情報収集(沖縄県)_その他,情報収集(沖縄県)_その他_text,情報収集(沖縄県)_特になし,訪問目的(やんばるエリア)ALL,訪問目的(やんばるエリア)_宿でのんびり過ごす,訪問目的(やんばるエリア)_リゾートホテルを楽しむ,訪問目的(やんばるエリア)_地元の美味しいものを食べる,訪問目的(やんばるエリア)_花見などの自然鑑賞,訪問目的(やんばるエリア)_名所、旧跡の観光,訪問目的(やんばるエリア)_テーマパーク:沖縄美ら海水族館,訪問目的(やんばるエリア)_テーマパーク:JUNGLIA,訪問目的(やんばるエリア)_テーマパーク:その他,訪問目的(やんばるエリア)_買い物、アウトレット,訪問目的(やんばるエリア)_お祭りやイベントへの参加・見物,訪問目的(やんばるエリア)_地域の行事,訪問目的(やんばるエリア)_スポーツ観戦や芸能鑑賞(コンサート等),訪問目的(やんばるエリア)_アウトドア:ビーチ・海水浴,訪問目的(やんばるエリア)_アウトドア:マリンスポーツ,訪問目的(やんばるエリア)_アウトドア:登山・トレッキング,訪問目的(やんばるエリア)_アウトドア:キャンプ,訪問目的(やんばるエリア)_まちあるき・集落散策,訪問目的(やんばるエリア)_各種体験(手作り、果物狩りなど),訪問目的(やんばるエリア)_その他スポーツ(ゴルフ、テニスなど),訪問目的(やんばるエリア)_ドライブ・ツーリング,訪問目的(やんばるエリア)_友人・親戚を尋ねる,訪問目的(やんばるエリア)_出張など仕事関係,訪問目的(やんばるエリア)_その他,訪問目的(やんばるエリア)_その他_text,同行者(やんばるエリア),同行者(やんばるエリア)_その他_text,情報収集(やんばるエリア)_ALL,情報収集(やんばるエリア)_日本政府観光局(JNTO)ホームページ,情報収集(やんばるエリア)_旅行会社ホームページ,情報収集(やんばるエリア)_宿泊施設ホームページ,情報収集(やんばるエリア)_航空会社ホームページ,情報収集(やんばるエリア)_地方観光協会ホームページ,情報収集(やんばるエリア)_宿泊予約サイト(例:Agoda、Expedia、Booking.com等),情報収集(やんばるエリア)_口コミサイト(Tripadvisor等),情報収集(やんばるエリア)_Google Mapなどの地図アプリやサイトでの検索,情報収集(やんばるエリア)_Instagram,情報収集(やんばるエリア)_X(Twitter),情報収集(やんばるエリア)_Facebook,情報収集(やんばるエリア)_YouTube,情報収集(やんばるエリア)_その他SNS,情報収集(やんばるエリア)_個人のブログ,情報収集(やんばるエリア)_その他インターネットサイト(検索サイトを除く),情報収集(やんばるエリア)_日本政府観光局の案内所,情報収集(やんばるエリア)_旅行会社パンフレット,情報収集(やんばるエリア)_旅行ガイドブック,情報収集(やんばるエリア)_自国の親戚・知人,情報収集(やんばるエリア)_日本在住の親族・知人,情報収集(やんばるエリア)_旅行の展示会や見本市,情報収集(やんばるエリア)_テレビ番組,情報収集(やんばるエリア)_新聞,情報収集(やんばるエリア)_旅行専門誌,情報収集(やんばるエリア)_その他雑誌,情報収集(やんばるエリア)_Chat GPT等の生成AI,情報収集(やんばるエリア)_観光協会・空港・道の駅等の案内所,情報収集(やんばるエリア)_タクシードライバーや地元の人,情報収集(やんばるエリア)_その他,情報収集(やんばるエリア)_その他_text,情報収集(やんばるエリア)_特になし,やんばるエリアまでの交通手段_ALL,やんばるエリアまでの交通手段_自家用車,やんばるエリアまでの交通手段_レンタカー,やんばるエリアまでの交通手段_ヘリコプター,やんばるエリアまでの交通手段_旅行会社ツアーバス,やんばるエリアまでの交通手段_フェリー,やんばるエリアまでの交通手段_路線バス、高速バス、シャトルバス,やんばるエリアまでの交通手段_タクシー,やんばるエリアまでの交通手段_その他,やんばるエリアまでの交通手段_その他_text,やんばるエリア内での交通手段_ALL,やんばるエリア内での交通手段_自家用車,やんばるエリア内での交通手段_レンタカー,やんばるエリア内での交通手段_タクシー,やんばるエリア内での交通手段_旅行会社ツアーバス,やんばるエリア内での交通手段_路線バス,やんばるエリア内での交通手段_徒歩,やんばるエリア内での交通手段_レンタサイクル,やんばるエリア内での交通手段_その他,やんばるエリア内での交通手段_その他_text,やんばるエリア内での交通手段の満足度,やんばるエリア内での交通手段の満足度の理由,宿泊日数(やんばるエリア),消費額(やんばるエリア),通貨(やんばるエリア),訪問回数(やんばるエリア),前回訪問時期(やんばるエリア),今後の来訪意向(やんばるエリア),今後の来訪時期(やんばるエリア),体験・サービス満足度(やんばるエリア),体験・サービス満足度の理由(やんばるエリア),推奨度(やんばるエリア),推奨項目(やんばるエリア),改善点(やんばるエリア),改善点の内容(やんばるエリア),生年,性別,国籍,世帯年収(数値),世帯年収通貨,訪問地のエリア名,訪問地の市町村,回答日時
45,27,観光・レジャー,,パートナー(恋人・夫婦など),,5,500000,50000,W(KRW),2,"地元の美味しいものを食べる,テーマパーク:沖縄美ら海水族館,まちあるき・集落散策",0,0,1,0,0,1,0,0,0,0,0,0,0,0,0,0,1,0,0,0,0,0,0,,個人のブログ,0,0,0,0,0,0,0,0,0,0,0,0,0,1,0,0,0,0,0,0,0,0,0,0,0,0,0,0,0,,0,"地元の美味しいものを食べる,名所、旧跡の観光,テーマパーク:沖縄美ら海水族館",0,0,1,0,1,1,0,0,0,0,0,0,0,0,0,0,0,0,0,0,0,0,0,,パートナー(恋人・夫婦など),,"Google Mapなどの地図アプリやサイトでの検索,個人のブログ",0,0,0,0,0,0,0,1,0,0,0,0,0,1,0,0,0,0,0,0,0,0,0,0,0,0,0,0,0,,0,レンタカー,0,1,0,0,0,0,0,0,,レンタカー,0,1,0,0,0,0,0,0,,大変満足,청결한 렌트카,5,300000,W(KRW),初めて,,必ず来たい,1-3年後,大変満足,환상적인 자연경관,10,친절하고 멋진 경괏,ない,,1990,男性,韓国,65000000,W(KRW),万座毛エリア,恩納村,2025-10-01 12:42:34
71,49,観光・レジャー,,未就学児を含む家族,,6,100000,50000,¥(JPY),5,"宿でのんびり過ごす,花見などの自然鑑賞",1,0,0,1,0,0,0,0,0,0,0,0,0,0,0,0,0,0,0,0,0,0,0,,"日本政府観光局(JNTO)ホームページ,地方観光協会ホームページ,宿泊予約サイト(例:Agoda、Expedia、Booking.com等),Instagram,日本政府観光局の案内所,旅行ガイドブック,観光協会・空港・道の駅等の案内所",1,0,0,0,1,1,0,0,1,0,0,0,0,0,0,1,0,1,0,0,0,0,0,0,0,0,1,0,0,,0,"宿でのんびり過ごす,花見などの自然鑑賞,名所、旧跡の観光",1,0,0,1,1,0,0,0,0,0,0,0,0,0,0,0,0,0,0,0,0,0,0,,未就学児を含む家族,,"日本政府観光局(JNTO)ホームページ,宿泊施設ホームページ,航空会社ホームページ,宿泊予約サイト(例:Agoda、Expedia、Booking.com等),口コミサイト(Tripadvisor等),Instagram",1,0,1,1,0,1,1,0,1,0,0,0,0,0,0,0,0,0,0,0,0,0,0,0,0,0,0,0,0,,0,レンタカー,0,1,0,0,0,0,0,0,,レンタカー,0,1,0,0,0,0,0,0,,満足,行人的用路感覺很安全，都有安全行人專用道，且綠色的斑馬線,5,80000,¥(JPY),2-3回目,半年以内,来たい,半年-1年後,満足,服務人員都很親切，對有小寶寶的家庭也非常友善且樂意幫忙,9,萬座毛、海生館（都是能留下美好回憶、漂亮照片的地方）,ある,不是每個地方的育嬰室都很乾淨,1993,女性,台湾,8500000,¥(JPY),万座毛エリア,恩納村,2025-10-02 14:32:52
85,50,観光・レジャー,,小学生を含む家族(未就学児は含まない),,9,3000000,2000000,W(KRW),2,"名所、旧跡の観光,テーマパーク:沖縄美ら海水族館,買い物、アウトレット,アウトドア:マリンスポーツ,まちあるき・集落散策",0,0,0,0,1,1,0,0,1,0,0,0,0,1,0,0,1,0,0,0,0,0,0,,Google Mapなどの地図アプリやサイトでの検索,0,0,0,0,0,0,0,1,0,0,0,0,0,0,0,0,0,0,0,0,0,0,0,0,0,0,0,0,0,,0,"テーマパーク:沖縄美ら海水族館,アウトドア:マリンスポーツ",0,0,0,0,0,1,0,0,0,0,0,0,0,1,0,0,0,0,0,0,0,0,0,,小学生を含む家族(未就学児は含まない),,Google Mapなどの地図アプリやサイトでの検索,0,0,0,0,0,0,0,1,0,0,0,0,0,0,0,0,0,0,0,0,0,0,0,0,0,0,0,0,0,,0,レンタカー,0,1,0,0,0,0,0,0,,レンタカー,0,1,0,0,0,0,0,0,,大変満足,여유있는 도로,5,3000000,W(KRW),初めて,,必ず来たい,1-3年後,大変満足,아이가 더 크면 반드시 또오고 싶어요,10,자연경관,ない,,1980,女性,韓国,100000000,W(KRW),万座毛エリア,恩納村,2025-10-03 11:38:37
86,51,観光・レジャー,,小学生を含む家族(未就学児は含まない),,9,300000,200000,¥(JPY),1,"テーマパーク:沖縄美ら海水族館,買い物、アウトレット,アウトドア:マリンスポーツ,まちあるき・集落散策",0,0,0,0,0,1,0,0,1,0,0,0,0,1,0,0,1,0,0,0,0,0,0,,Google Mapなどの地図アプリやサイトでの検索,0,0,0,0,0,0,0,1,0,0,0,0,0,0,0,0,0,0,0,0,0,0,0,0,0,0,0,0,0,,0,"テーマパーク:沖縄美ら海水族館,買い物、アウトレット,アウトドア:マリンスポーツ,まちあるき・集落散策",0,0,0,0,0,1,0,0,1,0,0,0,0,1,0,0,1,0,0,0,0,0,0,,小学生を含む家族(未就学児は含まない),,Google Mapなどの地図アプリやサイトでの検索,0,0,0,0,0,0,0,1,0,0,0,0,0,0,0,0,0,0,0,0,0,0,0,0,0,0,0,0,0,,0,レンタカー,0,1,0,0,0,0,0,0,,レンタカー,0,1,0,0,0,0,0,0,,大変満足,아름다운 자연경관ㆍ쾌적한 도로환경 등,9,300000,¥(JPY),初めて,,必ず来たい,1-3年後,大変満足,아름다운 자연경관ㆍ쾌적한 도로환경 등,10,평화로운 여행  가능,ない,없다,1978,男性,韓国,9000000,¥(JPY),万座毛エリア,恩納村,2025-10-03 11:39:01
97,52,観光・レジャー,,その他家族,,5,50000,50000,¥(JPY),1,"宿でのんびり過ごす,リゾートホテルを楽しむ",1,1,0,0,0,0,0,0,0,0,0,0,0,0,0,0,0,0,0,0,0,0,0,,"旅行会社ホームページ,宿泊予約サイト(例:Agoda、Expedia、Booking.com等)",0,1,0,0,0,1,0,0,0,0,0,0,0,0,0,0,0,0,0,0,0,0,0,0,0,0,0,0,0,,0,"宿でのんびり過ごす,リゾートホテルを楽しむ",1,1,0,0,0,0,0,0,0,0,0,0,0,0,0,0,0,0,0,0,0,0,0,,その他家族,,"旅行会社ホームページ,宿泊予約サイト(例:Agoda、Expedia、Booking.com等)",0,1,0,0,0,1,0,0,0,0,0,0,0,0,0,0,0,0,0,0,0,0,0,0,0,0,0,0,0,,0,レンタカー,0,1,0,0,0,0,0,0,,レンタカー,0,1,0,0,0,0,0,0,,大変満足,Free to move,3,50000,Y(CNY),初めて,,必ず来たい,半年-1年後,大変満足,Kindness,10,Easy to enjoy,ない,,1985,男性,韓国,10000000,¥(JPY),海洋博公園・観光拠点エリア,本部町,2025-10-03 23:24:51
116,53,日本国内在住,,パートナー(恋人・夫婦など),,1,23000,1500,¥(JPY),100,"花見などの自然鑑賞,アウトドア:ビーチ・海水浴,アウトドア:登山・トレッキング",0,0,0,1,0,0,0,0,0,0,0,0,1,0,1,0,0,0,0,0,0,0,0,,"航空会社ホームページ,口コミサイト(Tripadvisor等),Google Mapなどの地図アプリやサイトでの検索",0,0,0,1,0,0,1,1,0,0,0,0,0,0,0,0,0,0,0,0,0,0,0,0,0,0,0,0,0,,0,"花見などの自然鑑賞,アウトドア:ビーチ・海水浴,アウトドア:登山・トレッキング",0,0,0,1,0,0,0,0,0,0,0,0,1,0,1,0,0,0,0,0,0,0,0,,パートナー(恋人・夫婦など),,"Google Mapなどの地図アプリやサイトでの検索,旅行ガイドブック,自国の親戚・知人,日本在住の親族・知人",0,0,0,0,0,0,0,1,0,0,0,0,0,0,0,0,0,1,1,1,0,0,0,0,0,0,0,0,0,,0,レンタカー,0,1,0,0,0,0,0,0,,レンタカー,0,1,0,0,0,0,0,0,,満足,"Respect of the traffic rules by locals is poor. For exemple nobody stops at the pedestrian crossing to let people cross the road. Too much traffic because public transport options are very poor. The highway buses are good, but even then different companies operate almost at the same times instead of distributing the buses better throughout the day. It often looks as nobody really thinks and use common sense before making decisions or regulations.",1,23000,¥(JPY),11回目以上,半年以内,必ず来たい,半年以内,やや満足,"Okinawa is targeting cheap, massive and low education tourism. On such a small iwith limited and fragile natural resources, it is sad that immediate money takes over long term, sustainable development. There is a huge potential, but it seems there is no vision from decision makers (destruction of the forest and nature everywhere, old buildings and electric lines everywhere like in a developing country…",9,"I live Yanbaru and I really hope local decision makers will wake up before they completely destroy the treasure they are living on. A simple example is the issue with the roadkills in the north. It would be so simple to place speed bumps to lower the speed of cars in the dangerous areas or even fixed radars (it would surely create some good income). Yet, when talking about it even with the staff of the nature center, the answer is just excuses and putting the responsibility on various ministries.",ある,"See my previous comments: basically targeting cheap massive tourism is not sustainable and actually destroying the tourism experience. Low consideration for nature protection and education, low education of the local people. Old buildings and facilities, lack of attractive urban areas (terraces to eat outdoor, food trucks in the 21st century park for example. So many people pass via motobu town to go to the aquarium, but the town does not encourage to stop and stay there overnight, or stop and est in a nice cafe or restaurant and do some shopping. Instead it looks like an old almost abandoned town that we need to cross as rapidly as possible to reach the aquarium.",1978,男性,その他,110000,$(USD),嵐山エリア,名護市,2025-10-04 12:57:06
138,54,観光・レジャー,,パートナー(恋人・夫婦など),,10,8000,250,RM(MYR),3,"花見などの自然鑑賞,テーマパーク:沖縄美ら海水族館,アウトドア:ビーチ・海水浴,アウトドア:マリンスポーツ",0,0,0,1,0,1,0,0,0,0,0,0,1,1,0,0,0,0,0,0,0,0,0,,"口コミサイト(Tripadvisor等),Google Mapなどの地図アプリやサイトでの検索,Instagram,YouTube",0,0,0,0,0,0,1,1,1,0,0,1,0,0,0,0,0,0,0,0,0,0,0,0,0,0,0,0,0,,0,"地元の美味しいものを食べる,花見などの自然鑑賞,テーマパーク:沖縄美ら海水族館,アウトドア:ビーチ・海水浴,アウトドア:マリンスポーツ",0,0,1,1,0,1,0,0,0,0,0,0,1,1,0,0,0,0,0,0,0,0,0,,パートナー(恋人・夫婦など),,"口コミサイト(Tripadvisor等),Google Mapなどの地図アプリやサイトでの検索,Instagram,YouTube",0,0,0,0,0,0,1,1,1,0,0,1,0,0,0,0,0,0,0,0,0,0,0,0,0,0,0,0,0,,0,"自家用車,路線バス、高速バス、シャトルバス",1,0,0,0,0,1,0,0,,自家用車,1,0,0,0,0,0,0,0,,,,5,3000,RM(MYR),初めて,,必ず来たい,1-3年後,満足,locals here are welcoming and lots of unexplored places ,10,food,ない,,1991,男性,マレーシア,90000,RM(MYR),万座毛エリア,恩納村,2025-10-04 16:10:08
139,55,観光・レジャー,,パートナー(恋人・夫婦など),,11,5000,1500,RM(MYR),2,"地元の美味しいものを食べる,花見などの自然鑑賞,名所、旧跡の観光,テーマパーク:沖縄美ら海水族館,買い物、アウトレット,地域の行事,アウトドア:マリンスポーツ,各種体験(手作り、果物狩りなど)",0,0,1,1,1,1,0,0,1,0,1,0,0,1,0,0,0,1,0,0,0,0,0,,"日本政府観光局(JNTO)ホームページ,旅行会社ホームページ,宿泊予約サイト(例:Agoda、Expedia、Booking.com等),Instagram,Facebook,YouTube,その他SNS,Chat GPT等の生成AI",1,1,0,0,0,1,0,0,1,0,1,1,1,0,0,0,0,0,0,0,0,0,0,0,0,1,0,0,0,,0,"名所、旧跡の観光,テーマパーク:沖縄美ら海水族館,アウトドア:ビーチ・海水浴,アウトドア:マリンスポーツ",0,0,0,0,1,1,0,0,0,0,0,0,1,1,0,0,0,0,0,0,0,0,0,,パートナー(恋人・夫婦など),,"日本政府観光局(JNTO)ホームページ,旅行会社ホームページ,宿泊施設ホームページ,宿泊予約サイト(例:Agoda、Expedia、Booking.com等),Facebook,YouTube,その他SNS",1,1,1,0,0,1,0,0,0,0,1,1,1,0,0,0,0,0,0,0,0,0,0,0,0,0,0,0,0,,0,レンタカー,0,1,0,0,0,0,0,0,,"レンタカー,徒歩",0,1,0,0,0,1,0,0,,満足,Good way to get around with rental car as more flexible and can carry luggage easily,2,500,RM(MYR),初めて,,何とも言えない,5年以上,満足,Nice people,7,Chaurumi aquarium,ない,,1994,女性,マレーシア,5000,RM(MYR),万座毛エリア,恩納村,2025-10-04 16:13:58
160,56,観光・レジャー,,その他家族,,9,500000,60000,¥(JPY),5,"宿でのんびり過ごす,地元の美味しいものを食べる,名所、旧跡の観光,テーマパーク:沖縄美ら海水族館",1,0,1,0,1,1,0,0,0,0,0,0,0,0,0,0,0,0,0,0,0,0,0,,"日本政府観光局(JNTO)ホームページ,旅行会社ホームページ,宿泊予約サイト(例:Agoda、Expedia、Booking.com等),Google Mapなどの地図アプリやサイトでの検索",1,1,0,0,0,1,0,1,0,0,0,0,0,0,0,0,0,0,0,0,0,0,0,0,0,0,0,0,0,,0,"宿でのんびり過ごす,地元の美味しいものを食べる,花見などの自然鑑賞,テーマパーク:沖縄美ら海水族館",1,0,1,1,0,1,0,0,0,0,0,0,0,0,0,0,0,0,0,0,0,0,0,,その他家族,,"日本政府観光局(JNTO)ホームページ,航空会社ホームページ,宿泊予約サイト(例:Agoda、Expedia、Booking.com等),Google Mapなどの地図アプリやサイトでの検索",1,0,0,1,0,1,0,1,0,0,0,0,0,0,0,0,0,0,0,0,0,0,0,0,0,0,0,0,0,,0,レンタカー,0,1,0,0,0,0,0,0,,レンタカー,0,1,0,0,0,0,0,0,,満足,方便,4,250000,¥(JPY),初めて,,来たい,1-3年後,満足,風景漂亮,8,風景漂亮,ない,,1960,女性,台湾,10000000,¥(JPY),万座毛エリア,恩納村,2025-10-05 11:05:49
161,57,観光・レジャー,,親,,9,500000,60000,¥(JPY),5,"宿でのんびり過ごす,地元の美味しいものを食べる,名所、旧跡の観光,テーマパーク:沖縄美ら海水族館,アウトドア:ビーチ・海水浴",1,0,1,0,1,1,0,0,0,0,0,0,1,0,0,0,0,0,0,0,0,0,0,,"日本政府観光局(JNTO)ホームページ,旅行会社ホームページ,Google Mapなどの地図アプリやサイトでの検索,Facebook",1,1,0,0,0,0,0,1,0,0,1,0,0,0,0,0,0,0,0,0,0,0,0,0,0,0,0,0,0,,0,"宿でのんびり過ごす,地元の美味しいものを食べる,テーマパーク:沖縄美ら海水族館,アウトドア:ビーチ・海水浴",1,0,1,0,0,1,0,0,0,0,0,0,1,0,0,0,0,0,0,0,0,0,0,,親,,"日本政府観光局(JNTO)ホームページ,旅行会社ホームページ,Google Mapなどの地図アプリやサイトでの検索,Facebook",1,1,0,0,0,0,0,1,0,0,1,0,0,0,0,0,0,0,0,0,0,0,0,0,0,0,0,0,0,,0,レンタカー,0,1,0,0,0,0,0,0,,レンタカー,0,1,0,0,0,0,0,0,,満足,方便,5,250000,¥(JPY),初めて,,来たい,1-3年後,満足,適合渡假放鬆,9,適合渡假,ない,,1987,男性,台湾,11000000,¥(JPY),万座毛エリア,恩納村,2025-10-05 11:10:39
196,58,観光・レジャー,,友人,,8,50000,30000,¥(JPY),1,"宿でのんびり過ごす,地元の美味しいものを食べる,地域の行事,アウトドア:登山・トレッキング",1,0,1,0,0,0,0,0,0,0,1,0,0,0,1,0,0,0,0,0,0,0,0,,"旅行会社ホームページ,宿泊施設ホームページ,口コミサイト(Tripadvisor等),Instagram,X(Twitter)",0,1,1,0,0,0,1,0,1,1,0,0,0,0,0,0,0,0,0,0,0,0,0,0,0,0,0,0,0,,0,テーマパーク:沖縄美ら海水族館,0,0,0,0,0,1,0,0,0,0,0,0,0,0,0,0,0,0,0,0,0,0,0,,友人,,"旅行会社ホームページ,宿泊施設ホームページ,口コミサイト(Tripadvisor等),Instagram,X(Twitter),YouTube",0,1,1,0,0,0,1,0,1,1,0,1,0,0,0,0,0,0,0,0,0,0,0,0,0,0,0,0,0,,0,路線バス、高速バス、シャトルバス,0,0,0,0,0,1,0,0,,"旅行会社ツアーバス,徒歩",0,0,0,1,0,1,0,0,,普通,,0,6000,¥(JPY),初めて,,やや来たい,半年-1年後,やや満足,,8,,ない,,1999,男性,台湾,4000000,¥(JPY),万座毛エリア,恩納村,2025-10-06 12:35:20
202,59,観光・レジャー,,中学生以上を含む家族(小学生以下は含まない),,5,1200000,300000,W(KRW),10,まちあるき・集落散策,0,0,0,0,0,0,0,0,0,0,0,0,0,0,0,0,1,0,0,0,0,0,0,,YouTube,0,0,0,0,0,0,0,0,0,0,0,1,0,0,0,0,0,0,0,0,0,0,0,0,0,0,0,0,0,,0,"宿でのんびり過ごす,まちあるき・集落散策",1,0,0,0,0,0,0,0,0,0,0,0,0,0,0,0,1,0,0,0,0,0,0,,中学生以上を含む家族(小学生以下は含まない),,YouTube,0,0,0,0,0,0,0,0,0,0,0,1,0,0,0,0,0,0,0,0,0,0,0,0,0,0,0,0,0,,0,レンタカー,0,1,0,0,0,0,0,0,,レンタカー,0,1,0,0,0,0,0,0,,満足,렌트카 운전이 비교적 편했다,4,1200000,W(KRW),初めて,,来たい,1-3年後,満足,,7,비교적 가까운 거리,ない,,1972,女性,韓国,100000000,W(KRW),万座毛エリア,恩納村,2025-10-06 15:16:20
203,60,観光・レジャー,,その他家族,,5,18000,200000,¥(JPY),7,名所、旧跡の観光,0,0,0,0,1,0,0,0,0,0,0,0,0,0,0,0,0,0,0,0,0,0,0,,"個人のブログ,その他インターネットサイト(検索サイトを除く)",0,0,0,0,0,0,0,0,0,0,0,0,0,1,1,0,0,0,0,0,0,0,0,0,0,0,0,0,0,,0,名所、旧跡の観光,0,0,0,0,1,0,0,0,0,0,0,0,0,0,0,0,0,0,0,0,0,0,0,,親,,"Google Mapなどの地図アプリやサイトでの検索,YouTube,個人のブログ",0,0,0,0,0,0,0,1,0,0,0,1,0,1,0,0,0,0,0,0,0,0,0,0,0,0,0,0,0,,0,レンタカー,0,1,0,0,0,0,0,0,,レンタカー,0,1,0,0,0,0,0,0,,やや満足,대중교통을 통해 오키나와를 충분히 즐길 수 있으면 더 좋았겠지만 현지 곳곳을 다니기 위해 렌트카를 이용한다.,5,80000,¥(JPY),初めて,,やや来たい,5年以上,普通,엄청난 경치의 명소는 아니기 때문에,8,,ない,,1999,女性,韓国,30000000,W(KRW),万座毛エリア,恩納村,2025-10-06 15:18:52
204,61,観光・レジャー,,その他家族,,5,10,10,¥(JPY),1,名所、旧跡の観光,0,0,0,0,1,0,0,0,0,0,0,0,0,0,0,0,0,0,0,0,0,0,0,,"航空会社ホームページ,宿泊予約サイト(例:Agoda、Expedia、Booking.com等)",0,0,0,1,0,1,0,0,0,0,0,0,0,0,0,0,0,0,0,0,0,0,0,0,0,0,0,0,0,,0,"宿でのんびり過ごす,地元の美味しいものを食べる",1,0,1,0,0,0,0,0,0,0,0,0,0,0,0,0,0,0,0,0,0,0,0,,親,,"宿泊予約サイト(例:Agoda、Expedia、Booking.com等),Google Mapなどの地図アプリやサイトでの検索",0,0,0,0,0,1,0,1,0,0,0,0,0,0,0,0,0,0,0,0,0,0,0,0,0,0,0,0,0,,0,レンタカー,0,1,0,0,0,0,0,0,,レンタカー,0,1,0,0,0,0,0,0,,満足,속도 제한도 느리고 다른 차가 배려를 잘 해준다,2,10,¥(JPY),初めて,,来たい,1-3年後,大変満足,만좌모도 있고 여유로운 여행이 마음에 든다,7,여유롭게 볼 수 있다,ない,딱히 없다,1998,女性,韓国,100000000,W(KRW),万座毛エリア,恩納村,2025-10-06 15:19:03
210,62,観光・レジャー,,パートナー(恋人・夫婦など),,7,60000,20000,Y(CNY),1,"地元の美味しいものを食べる,花見などの自然鑑賞,テーマパーク:沖縄美ら海水族館,アウトドア:ビーチ・海水浴,ドライブ・ツーリング",0,0,1,1,0,1,0,0,0,0,0,0,1,0,0,0,0,0,0,1,0,0,0,,"旅行会社ホームページ,宿泊施設ホームページ,航空会社ホームページ,地方観光協会ホームページ,宿泊予約サイト(例:Agoda、Expedia、Booking.com等),Instagram,Facebook,自国の親戚・知人,テレビ番組,新聞",0,1,1,1,1,1,0,0,1,0,1,0,0,0,0,0,0,0,1,0,0,1,1,0,0,0,0,0,0,,0,"地元の美味しいものを食べる,花見などの自然鑑賞,名所、旧跡の観光,テーマパーク:沖縄美ら海水族館",0,0,1,1,1,1,0,0,0,0,0,0,0,0,0,0,0,0,0,0,0,0,0,,パートナー(恋人・夫婦など),,"日本政府観光局(JNTO)ホームページ,旅行会社ホームページ,宿泊施設ホームページ,航空会社ホームページ,地方観光協会ホームページ,Instagram",1,1,1,1,1,0,0,0,1,0,0,0,0,0,0,0,0,0,0,0,0,0,0,0,0,0,0,0,0,,0,レンタカー,0,1,0,0,0,0,0,0,,レンタカー,0,1,0,0,0,0,0,0,,満足,,1,5000,Y(CNY),初めて,,来たい,1-3年後,満足,,7,,ない,,1994,男性,台湾,200000,Y(CNY),古宇利島エリア,今帰仁村,2025-10-06 17:32:00
211,63,観光・レジャー,,未就学児を含む家族,,5,1000000,800000,W(KRW),1,"リゾートホテルを楽しむ,地元の美味しいものを食べる,買い物、アウトレット,アウトドア:ビーチ・海水浴",0,1,1,0,0,0,0,0,1,0,0,0,1,0,0,0,0,0,0,0,0,0,0,,"Google Mapなどの地図アプリやサイトでの検索,Instagram,YouTube",0,0,0,0,0,0,0,1,1,0,0,1,0,0,0,0,0,0,0,0,0,0,0,0,0,0,0,0,0,,0,"リゾートホテルを楽しむ,地元の美味しいものを食べる,テーマパーク:沖縄美ら海水族館,テーマパーク:その他,買い物、アウトレット",0,1,1,0,0,1,0,1,1,0,0,0,0,0,0,0,0,0,0,0,0,0,0,,未就学児を含む家族,,"Google Mapなどの地図アプリやサイトでの検索,Instagram,YouTube",0,0,0,0,0,0,0,1,1,0,0,1,0,0,0,0,0,0,0,0,0,0,0,0,0,0,0,0,0,,0,レンタカー,0,1,0,0,0,0,0,0,,レンタカー,0,1,0,0,0,0,0,0,,大変満足,주변 둘러볼때 렌트카 이용한 관광이 용이하고 마트나 쇼핑몰 주차가 쉽고 가족단위 여행에 좋음,3,800000,W(KRW),初めて,,必ず来たい,3-5年後,大変満足,츄라우미 수족관에서 아이가 고래상어를 매우좋아했고 오키짱쇼도 재미있게보아서 좋았습니다.,10,,ない,,1990,男性,韓国,10000000,W(KRW),海洋博公園・観光拠点エリア,本部町,2025-10-06 18:42:30
239,64,観光・レジャー,,友人,,5,50000,5000,Y(CNY),3,"宿でのんびり過ごす,地元の美味しいものを食べる",1,0,1,0,0,0,0,0,0,0,0,0,0,0,0,0,0,0,0,0,0,0,0,,"旅行会社ホームページ,地方観光協会ホームページ,YouTube",0,1,0,0,1,0,0,0,0,0,0,1,0,0,0,0,0,0,0,0,0,0,0,0,0,0,0,0,0,,0,"宿でのんびり過ごす,まちあるき・集落散策",1,0,0,0,0,0,0,0,0,0,0,0,0,0,0,0,1,0,0,0,0,0,0,,友人,,YouTube,0,0,0,0,0,0,0,0,0,0,0,1,0,0,0,0,0,0,0,0,0,0,0,0,0,0,0,0,0,,0,レンタカー,0,1,0,0,0,0,0,0,,レンタカー,0,1,0,0,0,0,0,0,,大変満足,,0,3000,Y(CNY),初めて,,必ず来たい,1-3年後,大変満足,,10,,ない,,1995,男性,台湾,1000000,Y(CNY),名護市街エリア,名護市,2025-10-08 10:46:08
251,65,観光・レジャー,,パートナー(恋人・夫婦など),,22,500000,250000,¥(JPY),25,"花見などの自然鑑賞,アウトドア:ビーチ・海水浴,まちあるき・集落散策",0,0,0,1,0,0,0,0,0,0,0,0,1,0,0,0,1,0,0,0,0,0,0,,"地方観光協会ホームページ,宿泊予約サイト(例:Agoda、Expedia、Booking.com等),Google Mapなどの地図アプリやサイトでの検索",0,0,0,0,1,1,0,1,0,0,0,0,0,0,0,0,0,0,0,0,0,0,0,0,0,0,0,0,0,,0,"花見などの自然鑑賞,アウトドア:ビーチ・海水浴,まちあるき・集落散策",0,0,0,1,0,0,0,0,0,0,0,0,1,0,0,0,1,0,0,0,0,0,0,,パートナー(恋人・夫婦など),,"地方観光協会ホームページ,宿泊予約サイト(例:Agoda、Expedia、Booking.com等),Google Mapなどの地図アプリやサイトでの検索",0,0,0,0,1,1,0,1,0,0,0,0,0,0,0,0,0,0,0,0,0,0,0,0,0,0,0,0,0,,0,フェリー,0,0,0,0,1,0,0,0,,"路線バス,徒歩",0,0,0,0,1,1,0,0,,普通,"Bus services aren't frequent enough especially from Motobu port, however, we enjoy Motobu free bus service ",1,20000,¥(JPY),初めて,,来たい,半年-1年後,満足,"Local museum/ restaurant hospitality  was very pleasant, except Hilton",8,"Very relaxing just strolling around the village, nice and warm here",ある,Travelling is hard unless you can read Japanese,1958,男性,英国,0,¥(JPY),本部港周辺エリア,本部町,2025-10-08 15:11:39
254,66,ハネムーン,,パートナー(恋人・夫婦など),,6,200000,95000,¥(JPY),7,"地元の美味しいものを食べる,名所、旧跡の観光,テーマパーク:沖縄美ら海水族館,テーマパーク:JUNGLIA,買い物、アウトレット,アウトドア:マリンスポーツ,まちあるき・集落散策,ドライブ・ツーリング",0,0,1,0,1,1,1,0,1,0,0,0,0,1,0,0,1,0,0,1,0,0,0,,"日本政府観光局(JNTO)ホームページ,地方観光協会ホームページ,宿泊予約サイト(例:Agoda、Expedia、Booking.com等)",1,0,0,0,1,1,0,0,0,0,0,0,0,0,0,0,0,0,0,0,0,0,0,0,0,0,0,0,0,,0,"地元の美味しいものを食べる,名所、旧跡の観光,テーマパーク:沖縄美ら海水族館,テーマパーク:JUNGLIA,買い物、アウトレット",0,0,1,0,1,1,1,0,1,0,0,0,0,0,0,0,0,0,0,0,0,0,0,,パートナー(恋人・夫婦など),,"日本政府観光局(JNTO)ホームページ,地方観光協会ホームページ,YouTube",1,0,0,0,1,0,0,0,0,0,0,1,0,0,0,0,0,0,0,0,0,0,0,0,0,0,0,0,0,,0,レンタカー,0,1,0,0,0,0,0,0,,レンタカー,0,1,0,0,0,0,0,0,,大変満足,交通規劃清晰,5,150000,¥(JPY),2-3回目,1-3年前,必ず来たい,1-3年後,大変満足,阿古豬很好吃,10,大家的阿古豬涮涮鍋很好吃，環境優美，置身於深山裡。,ない,,1994,男性,香港,60000,HK$(HKD),ギンバルエリア,金武町,2025-10-09 0:42:28
255,67,観光・レジャー,,パートナー(恋人・夫婦など),,6,6000,2000,HK$(HKD),8,"宿でのんびり過ごす,地元の美味しいものを食べる,名所、旧跡の観光,買い物、アウトレット,アウトドア:ビーチ・海水浴,アウトドア:マリンスポーツ",1,0,1,0,1,0,0,0,1,0,0,0,1,1,0,0,0,0,0,0,0,0,0,,"宿泊予約サイト(例:Agoda、Expedia、Booking.com等),YouTube,その他SNS,自国の親戚・知人,Chat GPT等の生成AI",0,0,0,0,0,1,0,0,0,0,0,1,1,0,0,0,0,0,1,0,0,0,0,0,0,1,0,0,0,,0,"宿でのんびり過ごす,地元の美味しいものを食べる,アウトドア:マリンスポーツ",1,0,1,0,0,0,0,0,0,0,0,0,0,1,0,0,0,0,0,0,0,0,0,,パートナー(恋人・夫婦など),,"宿泊予約サイト(例:Agoda、Expedia、Booking.com等),YouTube,その他SNS",0,0,0,0,0,1,0,0,0,0,0,1,1,0,0,0,0,0,0,0,0,0,0,0,0,0,0,0,0,,0,レンタカー,0,1,0,0,0,0,0,0,,レンタカー,0,1,0,0,0,0,0,0,,大変満足,,5,3000,HK$(HKD),初めて,,来たい,1-3年後,大変満足,,8,,ない,,1995,女性,香港,300000,HK$(HKD),ギンバルエリア,金武町,2025-10-09 0:51:33
279,68,観光・レジャー,,パートナー(恋人・夫婦など),,6,1000000,1200000,W(KRW),2,"宿でのんびり過ごす,名所、旧跡の観光,テーマパーク:沖縄美ら海水族館,アウトドア:ビーチ・海水浴,まちあるき・集落散策",1,0,0,0,1,1,0,0,0,0,0,0,1,0,0,0,1,0,0,0,0,0,0,,宿泊予約サイト(例:Agoda、Expedia、Booking.com等),0,0,0,0,0,1,0,0,0,0,0,0,0,0,0,0,0,0,0,0,0,0,0,0,0,0,0,0,0,,0,"名所、旧跡の観光,テーマパーク:沖縄美ら海水族館",0,0,0,0,1,1,0,0,0,0,0,0,0,0,0,0,0,0,0,0,0,0,0,,パートナー(恋人・夫婦など),,"宿泊予約サイト(例:Agoda、Expedia、Booking.com等),YouTube,旅行ガイドブック",0,0,0,0,0,1,0,0,0,0,0,1,0,0,0,0,0,1,0,0,0,0,0,0,0,0,0,0,0,,0,"旅行会社ツアーバス,路線バス、高速バス、シャトルバス",0,0,0,1,0,1,0,0,,"旅行会社ツアーバス,路線バス",0,0,0,1,1,0,0,0,,やや満足,"한국에 비해 노선버스 운전이 마음에 들어요.
대신 딜레이가 좀 많이 길어서 놓쳤나 싶은 생각이 많이들어서 아쉬워요. 버스시간이 늦더라도 어디에 있는지 알았으면 좋겠어요. 일본어를 몰라 구글 지도로 노선버스를 찾는데 불편함도 있고요.",0,150000,W(KRW),初めて,,来たい,1-3年後,満足,아직 다 돌지 않은 상태에서 작성하는거라 매우만족은 아니지만 기본적으로 여행이 마음에 들어 좋습니다.,9,친구와 부모님,ない,,1992,男性,韓国,2500000,W(KRW),万座毛エリア,恩納村,2025-10-10 11:07:48
281,69,観光・レジャー,,未就学児を含む家族,,5,100000,5000,¥(JPY),5,"宿でのんびり過ごす,リゾートホテルを楽しむ,地元の美味しいものを食べる,名所、旧跡の観光,テーマパーク:沖縄美ら海水族館,買い物、アウトレット",1,1,1,0,1,1,0,0,1,0,0,0,0,0,0,0,0,0,0,0,0,0,0,,"宿泊施設ホームページ,航空会社ホームページ,宿泊予約サイト(例:Agoda、Expedia、Booking.com等),Google Mapなどの地図アプリやサイトでの検索",0,0,1,1,0,1,0,1,0,0,0,0,0,0,0,0,0,0,0,0,0,0,0,0,0,0,0,0,0,,0,"宿でのんびり過ごす,リゾートホテルを楽しむ,テーマパーク:沖縄美ら海水族館",1,1,0,0,0,1,0,0,0,0,0,0,0,0,0,0,0,0,0,0,0,0,0,,未就学児を含む家族,,"宿泊施設ホームページ,宿泊予約サイト(例:Agoda、Expedia、Booking.com等),Instagram",0,0,1,0,0,1,0,0,1,0,0,0,0,0,0,0,0,0,0,0,0,0,0,0,0,0,0,0,0,,0,レンタカー,0,1,0,0,0,0,0,0,,レンタカー,0,1,0,0,0,0,0,0,,大変満足,"자유로운 이동, 아기가 있어서 짐싣고 이동하기 편리함",5,50000,¥(JPY),2-3回目,1-3年前,来たい,1-3年後,大変満足,모든 분들이 친절합니다,10,자연경관과 추라우미 수족관 등 볼 것이 많아요!,ない,,1990,女性,韓国,40000000,¥(JPY),海洋博公園・観光拠点エリア,本部町,2025-10-10 11:57:37
289,70,ハネムーン,,パートナー(恋人・夫婦など),,10,500000,400000,¥(JPY),10,"宿でのんびり過ごす,アウトドア:ビーチ・海水浴,アウトドア:マリンスポーツ",1,0,0,0,0,0,0,0,0,0,0,0,1,1,0,0,0,0,0,0,0,0,0,,"宿泊予約サイト(例:Agoda、Expedia、Booking.com等),Google Mapなどの地図アプリやサイトでの検索,Instagram,YouTube,個人のブログ,日本在住の親族・知人",0,0,0,0,0,1,0,1,1,0,0,1,0,1,0,0,0,0,0,1,0,0,0,0,0,0,0,0,0,,0,"宿でのんびり過ごす,アウトドア:ビーチ・海水浴,アウトドア:マリンスポーツ",1,0,0,0,0,0,0,0,0,0,0,0,1,1,0,0,0,0,0,0,0,0,0,,パートナー(恋人・夫婦など),,"宿泊予約サイト(例:Agoda、Expedia、Booking.com等),Instagram,YouTube,個人のブログ",0,0,0,0,0,1,0,0,1,0,0,1,0,1,0,0,0,0,0,0,0,0,0,0,0,0,0,0,0,,0,レンタカー,0,1,0,0,0,0,0,0,,レンタカー,0,1,0,0,0,0,0,0,,大変満足,밖에 경치가 이뻐서 운전할 맛이 남,3,200000,¥(JPY),2-3回目,1-3年前,必ず来たい,1-3年後,大変満足,사람들이 친절함,10,자연경관이 이쁨,ない,없음,1996,女性,韓国,5000,$(USD),万座毛エリア,恩納村,2025-10-10 16:23:52
292,71,観光・レジャー,,パートナー(恋人・夫婦など),,8,500,500,$(USD),8,"地元の美味しいものを食べる,花見などの自然鑑賞,名所、旧跡の観光,テーマパーク:沖縄美ら海水族館,お祭りやイベントへの参加・見物,アウトドア:ビーチ・海水浴,アウトドア:登山・トレッキング,まちあるき・集落散策,各種体験(手作り、果物狩りなど),友人・親戚を尋ねる",0,0,1,1,1,1,0,0,0,1,0,0,1,0,1,0,1,1,0,0,1,0,0,,"旅行会社ホームページ,地方観光協会ホームページ,宿泊予約サイト(例:Agoda、Expedia、Booking.com等),口コミサイト(Tripadvisor等),YouTube,自国の親戚・知人,日本在住の親族・知人,Chat GPT等の生成AI",0,1,0,0,1,1,1,0,0,0,0,1,0,0,0,0,0,0,1,1,0,0,0,0,0,1,0,0,0,,0,"花見などの自然鑑賞,名所、旧跡の観光,アウトドア:登山・トレッキング",0,0,0,1,1,0,0,0,0,0,0,0,0,0,1,0,0,0,0,0,0,0,0,,パートナー(恋人・夫婦など),,"宿泊予約サイト(例:Agoda、Expedia、Booking.com等),Chat GPT等の生成AI",0,0,0,0,0,1,0,0,0,0,0,0,0,0,0,0,0,0,0,0,0,0,0,0,0,1,0,0,0,,0,旅行会社ツアーバス,0,0,0,1,0,0,0,0,,旅行会社ツアーバス,0,0,0,1,0,0,0,0,,満足,"Interesting places,",0,30,$(USD),初めて,,やや来たい,1-3年後,満足,"New places, good views, well maintained, clean bathrooms",7,"Hedo cliff, and asmui. Great views and good places to walk around",ない,,1989,女性,台湾,130000,$(USD),道の駅おおぎみエリア,大宜味村,2025-10-10 17:17:01
293,72,ハネムーン,,パートナー(恋人・夫婦など),,11,500000,250000,¥(JPY),4,"宿でのんびり過ごす,リゾートホテルを楽しむ,地元の美味しいものを食べる,テーマパーク:沖縄美ら海水族館,アウトドア:ビーチ・海水浴,まちあるき・集落散策",1,1,1,0,0,1,0,0,0,0,0,0,1,0,0,0,1,0,0,0,0,0,0,,"日本政府観光局(JNTO)ホームページ,宿泊施設ホームページ,Google Mapなどの地図アプリやサイトでの検索",1,0,1,0,0,0,0,1,0,0,0,0,0,0,0,0,0,0,0,0,0,0,0,0,0,0,0,0,0,,0,"リゾートホテルを楽しむ,名所、旧跡の観光,テーマパーク:その他",0,1,0,0,1,0,0,1,0,0,0,0,0,0,0,0,0,0,0,0,0,0,0,,パートナー(恋人・夫婦など),,"宿泊予約サイト(例:Agoda、Expedia、Booking.com等),Google Mapなどの地図アプリやサイトでの検索,Instagram,YouTube,Chat GPT等の生成AI",0,0,0,0,0,1,0,1,1,0,0,1,0,0,0,0,0,0,0,0,0,0,0,0,0,1,0,0,0,,0,レンタカー,0,1,0,0,0,0,0,0,,レンタカー,0,1,0,0,0,0,0,0,,満足,,3,70000,¥(JPY),初めて,,必ず来たい,3-5年後,満足,,8,,ない,,1994,男性,韓国,60000000,W(KRW),-,-,2025-10-10 18:11:05
312,73,観光・レジャー,,小学生を含む家族(未就学児は含まない),,5,30000,80000,$(USD),5,"地元の美味しいものを食べる,名所、旧跡の観光,ドライブ・ツーリング",0,0,1,0,1,0,0,0,0,0,0,0,0,0,0,0,0,0,0,1,0,0,0,,"日本政府観光局(JNTO)ホームページ,旅行会社ホームページ,宿泊施設ホームページ,Google Mapなどの地図アプリやサイトでの検索,Instagram,Facebook,YouTube",1,1,1,0,0,0,0,1,1,0,1,1,0,0,0,0,0,0,0,0,0,0,0,0,0,0,0,0,0,,0,名所、旧跡の観光,0,0,0,0,1,0,0,0,0,0,0,0,0,0,0,0,0,0,0,0,0,0,0,,小学生を含む家族(未就学児は含まない),,"日本政府観光局(JNTO)ホームページ,旅行会社ホームページ,宿泊施設ホームページ,Instagram,Facebook,YouTube",1,1,1,0,0,0,0,0,1,0,1,1,0,0,0,0,0,0,0,0,0,0,0,0,0,0,0,0,0,,0,レンタカー,0,1,0,0,0,0,0,0,,レンタカー,0,1,0,0,0,0,0,0,,満足,,0,5000,$(USD),2-3回目,半年-1年前,来たい,1-3年後,満足,,10,,ない,,2000,女性,台湾,200000,$(USD),万座毛エリア,恩納村,2025-10-11 14:26:04
404,74,観光・レジャー,,自分ひとり,,5,250000,100000,¥(JPY),2,"地元の美味しいものを食べる,花見などの自然鑑賞,テーマパーク:沖縄美ら海水族館,買い物、アウトレット,お祭りやイベントへの参加・見物,アウトドア:ビーチ・海水浴",0,0,1,1,0,1,0,0,1,1,0,0,1,0,0,0,0,0,0,0,0,0,0,,"Google Mapなどの地図アプリやサイトでの検索,Instagram,Facebook,個人のブログ,Chat GPT等の生成AI",0,0,0,0,0,0,0,1,1,0,1,0,0,1,0,0,0,0,0,0,0,0,0,0,0,1,0,0,0,,0,テーマパーク:沖縄美ら海水族館,0,0,0,0,0,1,0,0,0,0,0,0,0,0,0,0,0,0,0,0,0,0,0,,自分ひとり,,"Instagram,Facebook,個人のブログ",0,0,0,0,0,0,0,0,1,0,1,0,0,1,0,0,0,0,0,0,0,0,0,0,0,0,0,0,0,,0,旅行会社ツアーバス,0,0,0,1,0,0,0,0,,旅行会社ツアーバス,0,0,0,1,0,0,0,0,,満足,,0,5000,¥(JPY),初めて,,来たい,3-5年後,やや満足,,8,,ない,,1984,女性,台湾,2700000,¥(JPY),海洋博公園・観光拠点エリア,本部町,2025-10-14 14:26:22
427,75,観光・レジャー,,親,,8,30000,15000,¥(JPY),3,"宿でのんびり過ごす,リゾートホテルを楽しむ,地元の美味しいものを食べる",1,1,1,0,0,0,0,0,0,0,0,0,0,0,0,0,0,0,0,0,0,0,0,,"日本政府観光局(JNTO)ホームページ,旅行会社ホームページ,宿泊予約サイト(例:Agoda、Expedia、Booking.com等),Instagram,X(Twitter),Facebook,YouTube",1,1,0,0,0,1,0,0,1,1,1,1,0,0,0,0,0,0,0,0,0,0,0,0,0,0,0,0,0,,0,テーマパーク:沖縄美ら海水族館,0,0,0,0,0,1,0,0,0,0,0,0,0,0,0,0,0,0,0,0,0,0,0,,親,,旅行会社ホームページ,0,1,0,0,0,0,0,0,0,0,0,0,0,0,0,0,0,0,0,0,0,0,0,0,0,0,0,0,0,,0,"旅行会社ツアーバス,路線バス、高速バス、シャトルバス",0,0,0,1,0,1,0,0,,旅行会社ツアーバス,0,0,0,1,0,0,0,0,,大変満足,很開心,8,6000,¥(JPY),初めて,,必ず来たい,1-3年後,大変満足,,10,美食好吃,ない,,1990,女性,台湾,5000000,¥(JPY),万座毛エリア,恩納村,2025-10-15 9:26:27
454,76,観光・レジャー,,未就学児を含む家族,,5,700000,300000,W(KRW),6,"リゾートホテルを楽しむ,地元の美味しいものを食べる,名所、旧跡の観光,テーマパーク:沖縄美ら海水族館,テーマパーク:その他,買い物、アウトレット,アウトドア:ビーチ・海水浴,ドライブ・ツーリング",0,1,1,0,1,1,0,1,1,0,0,0,1,0,0,0,0,0,0,1,0,0,0,,"口コミサイト(Tripadvisor等),Google Mapなどの地図アプリやサイトでの検索,Instagram,YouTube,その他SNS,テレビ番組",0,0,0,0,0,0,1,1,1,0,0,1,1,0,0,0,0,0,0,0,0,1,0,0,0,0,0,0,0,,0,"リゾートホテルを楽しむ,テーマパーク:沖縄美ら海水族館,アウトドア:ビーチ・海水浴",0,1,0,0,0,1,0,0,0,0,0,0,1,0,0,0,0,0,0,0,0,0,0,,未就学児を含む家族,,"口コミサイト(Tripadvisor等),Google Mapなどの地図アプリやサイトでの検索,Instagram,YouTube,その他SNS,個人のブログ",0,0,0,0,0,0,1,1,1,0,0,1,1,1,0,0,0,0,0,0,0,0,0,0,0,0,0,0,0,,0,レンタカー,0,1,0,0,0,0,0,0,,レンタカー,0,1,0,0,0,0,0,0,,満足,길이 어렵지않고 오키나와 주민들의 운전배려가 감명깊다,2,200000,W(KRW),初めて,,来たい,半年-1年後,満足,그냥 좋음,9,일다누츄라우미 추천 그다음은 뭐 오키나와에 온다면 당연와야할곳,ない,,1993,男性,韓国,60000000,W(KRW),海洋博公園・観光拠点エリア,本部町,2025-10-16 16:29:12
456,77,家族・知人訪問,,自分ひとり,,20,2500,500,$(USD),4,"地元の美味しいものを食べる,アウトドア:ビーチ・海水浴,アウトドア:登山・トレッキング,アウトドア:キャンプ,まちあるき・集落散策,ドライブ・ツーリング,友人・親戚を尋ねる",0,0,1,0,0,0,0,0,0,0,0,0,1,0,1,1,1,0,0,1,1,0,0,,"Instagram,日本在住の親族・知人,Chat GPT等の生成AI",0,0,0,0,0,0,0,0,1,0,0,0,0,0,0,0,0,0,0,1,0,0,0,0,0,1,0,0,0,,0,"アウトドア:ビーチ・海水浴,アウトドア:登山・トレッキング,アウトドア:キャンプ,まちあるき・集落散策",0,0,0,0,0,0,0,0,0,0,0,0,1,0,1,1,1,0,0,0,0,0,0,,親,,"Instagram,Chat GPT等の生成AI",0,0,0,0,0,0,0,0,1,0,0,0,0,0,0,0,0,0,0,0,0,0,0,0,0,1,0,0,0,,0,自家用車,1,0,0,0,0,0,0,0,,自家用車,1,0,0,0,0,0,0,0,,,,2,250,$(USD),4-5回目,1-3年前,来たい,1-3年後,満足,Everyone was extremely friendly. The locals always make this place amazing! ,9,Campsites in the forest and near the beaches. ,ある,Better signage! ,1997,女性,米国,80000,$(USD),川田・宮城・高江エリア,東村,2025-10-16 17:04:10
475,78,観光・レジャー,,親,,8,1500000,90000,¥(JPY),3,宿でのんびり過ごす,1,0,0,0,0,0,0,0,0,0,0,0,0,0,0,0,0,0,0,0,0,0,0,,"旅行会社ホームページ,宿泊施設ホームページ",0,1,1,0,0,0,0,0,0,0,0,0,0,0,0,0,0,0,0,0,0,0,0,0,0,0,0,0,0,,0,"地元の美味しいものを食べる,花見などの自然鑑賞,名所、旧跡の観光",0,0,1,1,1,0,0,0,0,0,0,0,0,0,0,0,0,0,0,0,0,0,0,,親,,"旅行会社ホームページ,宿泊施設ホームページ,YouTube",0,1,1,0,0,0,0,0,0,0,0,1,0,0,0,0,0,0,0,0,0,0,0,0,0,0,0,0,0,,0,旅行会社ツアーバス,0,0,0,1,0,0,0,0,,旅行会社ツアーバス,0,0,0,1,0,0,0,0,,普通,,0,10000,¥(JPY),初めて,,必ず来たい,1-3年後,大変満足,,10,,ない,,1990,女性,台湾,1090000,¥(JPY),万座毛エリア,恩納村,2025-10-17 14:54:00
577,79,観光・レジャー,,パートナー(恋人・夫婦など),,8,300000,100000,¥(JPY),3,"宿でのんびり過ごす,地元の美味しいものを食べる,テーマパーク:沖縄美ら海水族館",1,0,1,0,0,1,0,0,0,0,0,0,0,0,0,0,0,0,0,0,0,0,0,,YouTube,0,0,0,0,0,0,0,0,0,0,0,1,0,0,0,0,0,0,0,0,0,0,0,0,0,0,0,0,0,,0,"宿でのんびり過ごす,テーマパーク:沖縄美ら海水族館",1,0,0,0,0,1,0,0,0,0,0,0,0,0,0,0,0,0,0,0,0,0,0,,パートナー(恋人・夫婦など),,YouTube,0,0,0,0,0,0,0,0,0,0,0,1,0,0,0,0,0,0,0,0,0,0,0,0,0,0,0,0,0,,0,レンタカー,0,1,0,0,0,0,0,0,,レンタカー,0,1,0,0,0,0,0,0,,満足,,3,50000,¥(JPY),初めて,,やや来たい,3-5年後,やや満足,,6,,ない,,1994,男性,タイ,450000,Bht(THB),道の駅許田エリア,名護市,2025-10-21 11:11:23
582,80,観光・レジャー,,中学生以上を含む家族(小学生以下は含まない),,3,3000,700,HK$(HKD),10,"宿でのんびり過ごす,地元の美味しいものを食べる",1,0,1,0,0,0,0,0,0,0,0,0,0,0,0,0,0,0,0,0,0,0,0,,旅行会社ホームページ,0,1,0,0,0,0,0,0,0,0,0,0,0,0,0,0,0,0,0,0,0,0,0,0,0,0,0,0,0,,0,"地元の美味しいものを食べる,アウトドア:ビーチ・海水浴,友人・親戚を尋ねる",0,0,1,0,0,0,0,0,0,0,0,0,1,0,0,0,0,0,0,0,1,0,0,,中学生以上を含む家族(小学生以下は含まない),,旅行会社ホームページ,0,1,0,0,0,0,0,0,0,0,0,0,0,0,0,0,0,0,0,0,0,0,0,0,0,0,0,0,0,,0,その他,0,0,0,0,0,0,0,1,朋友接送,その他,0,0,0,0,0,0,0,1,朋友接送,大変満足,,2,1000,HK$(HKD),初めて,,必ず来たい,半年-1年後,大変満足,,10,,ない,,1976,女性,その他,300000,HK$(HKD),万座毛エリア,恩納村,2025-10-21 12:18:19
607,81,観光・レジャー,,友人,,5,5000,5000,HK$(HKD),7,"リゾートホテルを楽しむ,地元の美味しいものを食べる,名所、旧跡の観光,テーマパーク:JUNGLIA",0,1,1,0,1,0,1,0,0,0,0,0,0,0,0,0,0,0,0,0,0,0,0,,"地方観光協会ホームページ,宿泊予約サイト(例:Agoda、Expedia、Booking.com等),YouTube",0,0,0,0,1,1,0,0,0,0,0,1,0,0,0,0,0,0,0,0,0,0,0,0,0,0,0,0,0,,0,"リゾートホテルを楽しむ,地元の美味しいものを食べる,花見などの自然鑑賞,名所、旧跡の観光,テーマパーク:JUNGLIA",0,1,1,1,1,0,1,0,0,0,0,0,0,0,0,0,0,0,0,0,0,0,0,,友人,,"日本政府観光局(JNTO)ホームページ,地方観光協会ホームページ,宿泊予約サイト(例:Agoda、Expedia、Booking.com等),Google Mapなどの地図アプリやサイトでの検索,YouTube",1,0,0,0,1,1,0,1,0,0,0,1,0,0,0,0,0,0,0,0,0,0,0,0,0,0,0,0,0,,0,自家用車,1,0,0,0,0,0,0,0,,自家用車,1,0,0,0,0,0,0,0,,,,1,1000,HK$(HKD),初めて,,やや来たい,1-3年後,満足,風景很漂亮，水很清,8,潛水,ある,交通不太方便，只能自駕游,1985,女性,香港,1000000,HK$(HKD),万座毛エリア,恩納村,2025-10-22 10:47:47
609,82,観光・レジャー,,その他家族,,6,900,300,S$(SGD),5,"買い物、アウトレット,アウトドア:ビーチ・海水浴",0,0,0,0,0,0,0,0,1,0,0,0,1,0,0,0,0,0,0,0,0,0,0,,"YouTube,その他SNS",0,0,0,0,0,0,0,0,0,0,0,1,1,0,0,0,0,0,0,0,0,0,0,0,0,0,0,0,0,,0,アウトドア:ビーチ・海水浴,0,0,0,0,0,0,0,0,0,0,0,0,1,0,0,0,0,0,0,0,0,0,0,,その他家族,,その他SNS,0,0,0,0,0,0,0,0,0,0,0,0,1,0,0,0,0,0,0,0,0,0,0,0,0,0,0,0,0,,0,自家用車,1,0,0,0,0,0,0,0,,自家用車,1,0,0,0,0,0,0,0,,,,3,500,S$(SGD),初めて,,来たい,半年-1年後,満足,,7,,ある,slightly spread out stores more bars? ,2004,女性,シンガポール,10000,S$(SGD),万座毛エリア,恩納村,2025-10-22 11:34:58
611,83,観光・レジャー,,その他家族,,6,3000,600,S$(SGD),1,"名所、旧跡の観光,テーマパーク:沖縄美ら海水族館,アウトドア:ビーチ・海水浴,まちあるき・集落散策",0,0,0,0,1,1,0,0,0,0,0,0,1,0,0,0,1,0,0,0,0,0,0,,YouTube,0,0,0,0,0,0,0,0,0,0,0,1,0,0,0,0,0,0,0,0,0,0,0,0,0,0,0,0,0,,0,"リゾートホテルを楽しむ,花見などの自然鑑賞",0,1,0,1,0,0,0,0,0,0,0,0,0,0,0,0,0,0,0,0,0,0,0,,その他家族,,"宿泊施設ホームページ,新聞",0,0,1,0,0,0,0,0,0,0,0,0,0,0,0,0,0,0,0,0,0,0,1,0,0,0,0,0,0,,0,自家用車,1,0,0,0,0,0,0,0,,"自家用車,タクシー",1,0,1,0,0,0,0,0,,満足,,4,300,S$(SGD),初めて,,来たい,半年以内,やや満足,,8,,ない,,1991,女性,マレーシア,50000,S$(SGD),万座毛エリア,恩納村,2025-10-22 11:42:14
619,84,観光・レジャー,,パートナー(恋人・夫婦など),,6,150000,60000,¥(JPY),15,"宿でのんびり過ごす,リゾートホテルを楽しむ,地元の美味しいものを食べる,花見などの自然鑑賞,まちあるき・集落散策,ドライブ・ツーリング",1,1,1,1,0,0,0,0,0,0,0,0,0,0,0,0,1,0,0,1,0,0,0,,Google Mapなどの地図アプリやサイトでの検索,0,0,0,0,0,0,0,1,0,0,0,0,0,0,0,0,0,0,0,0,0,0,0,0,0,0,0,0,0,,0,"宿でのんびり過ごす,リゾートホテルを楽しむ,地元の美味しいものを食べる,花見などの自然鑑賞,まちあるき・集落散策,ドライブ・ツーリング",1,1,1,1,0,0,0,0,0,0,0,0,0,0,0,0,1,0,0,1,0,0,0,,パートナー(恋人・夫婦など),,"Google Mapなどの地図アプリやサイトでの検索,テレビ番組",0,0,0,0,0,0,0,1,0,0,0,0,0,0,0,0,0,0,0,0,0,1,0,0,0,0,0,0,0,,0,レンタカー,0,1,0,0,0,0,0,0,,レンタカー,0,1,0,0,0,0,0,0,,大変満足,停車便利,3,60000,¥(JPY),2-3回目,1-3年前,必ず来たい,1-3年後,大変満足,"風景漂亮
租車便利",10,,ない,,1981,男性,台湾,60000,$(USD),辺戸岬観光案内所エリア,国頭村,2025-10-22 16:04:35
620,85,観光・レジャー,,パートナー(恋人・夫婦など),,6,150000,60000,¥(JPY),10,"宿でのんびり過ごす,リゾートホテルを楽しむ,地元の美味しいものを食べる,花見などの自然鑑賞,まちあるき・集落散策,ドライブ・ツーリング",1,1,1,1,0,0,0,0,0,0,0,0,0,0,0,0,1,0,0,1,0,0,0,,"Google Mapなどの地図アプリやサイトでの検索,Facebook,個人のブログ,その他インターネットサイト(検索サイトを除く),自国の親戚・知人,テレビ番組,Chat GPT等の生成AI",0,0,0,0,0,0,0,1,0,0,1,0,0,1,1,0,0,0,1,0,0,1,0,0,0,1,0,0,0,,0,"宿でのんびり過ごす,リゾートホテルを楽しむ,地元の美味しいものを食べる,花見などの自然鑑賞,まちあるき・集落散策,ドライブ・ツーリング",1,1,1,1,0,0,0,0,0,0,0,0,0,0,0,0,1,0,0,1,0,0,0,,パートナー(恋人・夫婦など),,"Google Mapなどの地図アプリやサイトでの検索,テレビ番組,タクシードライバーや地元の人",0,0,0,0,0,0,0,1,0,0,0,0,0,0,0,0,0,0,0,0,0,1,0,0,0,0,0,1,0,,0,"レンタカー,路線バス、高速バス、シャトルバス",0,1,0,0,0,1,0,0,,レンタカー,0,1,0,0,0,0,0,0,,大変満足,自由自在，車況路況都不錯。,3,60000,¥(JPY),2-3回目,1-3年前,必ず来たい,1-3年後,大変満足,自由自在，風景好、食物好。,10,風景好，食物好，空氣新鮮，悠閒。,ない,,1979,女性,台湾,10000000,¥(JPY),辺戸岬観光案内所エリア,国頭村,2025-10-22 16:08:21
621,86,観光・レジャー,,パートナー(恋人・夫婦など),,15,5000,3000,Can$(CAD),4,"地元の美味しいものを食べる,テーマパーク:沖縄美ら海水族館,アウトドア:ビーチ・海水浴,アウトドア:マリンスポーツ,まちあるき・集落散策",0,0,1,0,0,1,0,0,0,0,0,0,1,1,0,0,1,0,0,0,0,0,0,,"宿泊予約サイト(例:Agoda、Expedia、Booking.com等),Google Mapなどの地図アプリやサイトでの検索,Chat GPT等の生成AI",0,0,0,0,0,1,0,1,0,0,0,0,0,0,0,0,0,0,0,0,0,0,0,0,0,1,0,0,0,,0,"宿でのんびり過ごす,地元の美味しいものを食べる,アウトドア:ビーチ・海水浴,その他スポーツ(ゴルフ、テニスなど),ドライブ・ツーリング",1,0,1,0,0,0,0,0,0,0,0,0,1,0,0,0,0,0,1,1,0,0,0,,パートナー(恋人・夫婦など),,"宿泊予約サイト(例:Agoda、Expedia、Booking.com等),Google Mapなどの地図アプリやサイトでの検索,Chat GPT等の生成AI",0,0,0,0,0,1,0,1,0,0,0,0,0,0,0,0,0,0,0,0,0,0,0,0,0,1,0,0,0,,0,レンタカー,0,1,0,0,0,0,0,0,,徒歩,0,0,0,0,0,1,0,0,,,,5,1000,Can$(CAD),初めて,,必ず来たい,1-3年後,大変満足,"Good food, good beaches, good activities! Very nice scenery!",10,"Beaches, cape viewpoints, golf, scuba ",ない,,1992,男性,カナダ,150000,Can$(CAD),名護市街エリア,名護市,2025-10-22 17:00:32
629,87,日本国内在住,,小学生を含む家族(未就学児は含まない),,30,3000,3000,$(USD),2,"名所、旧跡の観光,地域の行事,アウトドア:ビーチ・海水浴,アウトドア:マリンスポーツ,アウトドア:登山・トレッキング,まちあるき・集落散策,各種体験(手作り、果物狩りなど),その他",0,0,0,0,1,0,0,0,0,0,1,0,1,1,1,0,1,1,0,0,0,0,1,,"自国の親戚・知人,日本在住の親族・知人",0,0,0,0,0,0,0,0,0,0,0,0,0,0,0,0,0,0,1,1,0,0,0,0,0,0,0,0,0,,0,"地元の美味しいものを食べる,花見などの自然鑑賞,名所、旧跡の観光,地域の行事,アウトドア:ビーチ・海水浴,アウトドア:登山・トレッキング,アウトドア:キャンプ",0,0,1,1,1,0,0,0,0,0,1,0,1,0,1,1,0,0,0,0,0,0,0,,パートナー(恋人・夫婦など),,日本在住の親族・知人,0,0,0,0,0,0,0,0,0,0,0,0,0,0,0,0,0,0,0,1,0,0,0,0,0,0,0,0,0,,0,自家用車,1,0,0,0,0,0,0,0,,自家用車,1,0,0,0,0,0,0,0,,,,5,500,$(USD),6-10回目,1-3年前,必ず来たい,半年以内,大変満足,I absolutely love the natural beauty of yambaru and it's flora and fauna. ,10,"Experience nature hikes, beaches and appreciate the songs of birds ",ない,Public transportation ,1989,女性,米国,75000,$(USD),道の駅ゆいゆい国頭エリア,国頭村,2025-10-23 12:42:44
641,88,日本国内在住,,未就学児を含む家族,,3,300,300,$(USD),2,"宿でのんびり過ごす,地元の美味しいものを食べる,花見などの自然鑑賞,名所、旧跡の観光,地域の行事,アウトドア:ビーチ・海水浴,アウトドア:キャンプ,友人・親戚を尋ねる",1,0,1,1,1,0,0,0,0,0,1,0,1,0,0,1,0,0,0,0,1,0,0,,"Google Mapなどの地図アプリやサイトでの検索,日本在住の親族・知人,その他雑誌",0,0,0,0,0,0,0,1,0,0,0,0,0,0,0,0,0,0,0,1,0,0,0,0,1,0,0,0,0,,0,"宿でのんびり過ごす,地元の美味しいものを食べる,花見などの自然鑑賞,名所、旧跡の観光,アウトドア:ビーチ・海水浴",1,0,1,1,1,0,0,0,0,0,0,0,1,0,0,0,0,0,0,0,0,0,0,,未就学児を含む家族,,"Google Mapなどの地図アプリやサイトでの検索,日本在住の親族・知人",0,0,0,0,0,0,0,1,0,0,0,0,0,0,0,0,0,0,0,1,0,0,0,0,0,0,0,0,0,,0,自家用車,1,0,0,0,0,0,0,0,,自家用車,1,0,0,0,0,0,0,0,,,,2,200,$(USD),初めて,,必ず来たい,半年以内,満足,,9,,ない,,1990,女性,米国,50000,$(USD),道の駅ゆいゆい国頭エリア,国頭村,2025-10-24 10:40:05
671,89,観光・レジャー,,自分ひとり,,60,4000,2000,Can$(CAD),8,"宿でのんびり過ごす,地元の美味しいものを食べる,花見などの自然鑑賞,名所、旧跡の観光,お祭りやイベントへの参加・見物,アウトドア:ビーチ・海水浴",1,0,1,1,1,0,0,0,0,1,0,0,1,0,0,0,0,0,0,0,0,0,0,,特になし,0,0,0,0,0,0,0,0,0,0,0,0,0,0,0,0,0,0,0,0,0,0,0,0,0,0,0,0,0,,1,"宿でのんびり過ごす,地元の美味しいものを食べる,花見などの自然鑑賞,名所、旧跡の観光,お祭りやイベントへの参加・見物,アウトドア:ビーチ・海水浴",1,0,1,1,1,0,0,0,0,1,0,0,1,0,0,0,0,0,0,0,0,0,0,,自分ひとり,,特になし,0,0,0,0,0,0,0,0,0,0,0,0,0,0,0,0,0,0,0,0,0,0,0,0,0,0,0,0,0,,1,路線バス、高速バス、シャトルバス,0,0,0,0,0,1,0,0,,"路線バス,徒歩",0,0,0,0,1,1,0,0,,満足,"The bus is surprisingly convenient, though i wish it would take other IC cards, i only have an ICOCA",3,1200,Can$(CAD),2-3回目,半年以内,必ず来たい,半年-1年後,大変満足,"Very satisfied, i was in motobu 2 months ago as well and loved it",10,"Ocean Expo Park(not just the aquarium, the whole park is amazing)",ある,"Well, this is a minor complaint, but there's nowhere in Onna to buy charge cables for my phone, except the tiny shiisa one, but it's too short...",1990,男性,カナダ,60000,Can$(CAD),万座毛エリア,恩納村,2025-10-25 12:54:48
695,90,観光・レジャー,,親,,6,200000,70000,¥(JPY),6,"リゾートホテルを楽しむ,地元の美味しいものを食べる,花見などの自然鑑賞,名所、旧跡の観光,テーマパーク:沖縄美ら海水族館,買い物、アウトレット",0,1,1,1,1,1,0,0,1,0,0,0,0,0,0,0,0,0,0,0,0,0,0,,"宿泊施設ホームページ,宿泊予約サイト(例:Agoda、Expedia、Booking.com等),Google Mapなどの地図アプリやサイトでの検索,Instagram,Facebook,YouTube,その他インターネットサイト(検索サイトを除く),Chat GPT等の生成AI",0,0,1,0,0,1,0,1,1,0,1,1,0,0,1,0,0,0,0,0,0,0,0,0,0,1,0,0,0,,0,"リゾートホテルを楽しむ,地元の美味しいものを食べる,花見などの自然鑑賞,名所、旧跡の観光,テーマパーク:沖縄美ら海水族館",0,1,1,1,1,1,0,0,0,0,0,0,0,0,0,0,0,0,0,0,0,0,0,,親,,"宿泊施設ホームページ,宿泊予約サイト(例:Agoda、Expedia、Booking.com等),Google Mapなどの地図アプリやサイトでの検索,Facebook,YouTube,個人のブログ,その他インターネットサイト(検索サイトを除く),Chat GPT等の生成AI",0,0,1,0,0,1,0,1,0,0,1,1,0,1,1,0,0,0,0,0,0,0,0,0,0,1,0,0,0,,0,レンタカー,0,1,0,0,0,0,0,0,,レンタカー,0,1,0,0,0,0,0,0,,大変満足,,3,50000,¥(JPY),初めて,,来たい,1-3年後,大変満足,,10,,ない,,1982,男性,台湾,7500000,¥(JPY),万座毛エリア,恩納村,2025-10-25 23:00:03
758,91,観光・レジャー,,友人,,5,6000,1000,HK$(HKD),2,"地元の美味しいものを食べる,テーマパーク:沖縄美ら海水族館,地域の行事",0,0,1,0,0,1,0,0,0,0,1,0,0,0,0,0,0,0,0,0,0,0,0,,Google Mapなどの地図アプリやサイトでの検索,0,0,0,0,0,0,0,1,0,0,0,0,0,0,0,0,0,0,0,0,0,0,0,0,0,0,0,0,0,,0,"リゾートホテルを楽しむ,テーマパーク:沖縄美ら海水族館,アウトドア:マリンスポーツ",0,1,0,0,0,1,0,0,0,0,0,0,0,1,0,0,0,0,0,0,0,0,0,,友人,,宿泊施設ホームページ,0,0,1,0,0,0,0,0,0,0,0,0,0,0,0,0,0,0,0,0,0,0,0,0,0,0,0,0,0,,0,レンタカー,0,1,0,0,0,0,0,0,,レンタカー,0,1,0,0,0,0,0,0,,やや満足,,2,800,HK$(HKD),初めて,,何とも言えない,5年以上,やや満足,,2,,ある,食肆太早關門,1998,男性,香港,250000,HK$(HKD),伊芸・屋嘉エリア,金武町,2025-10-29 9:44:09
763,92,観光・レジャー,,未就学児を含む家族,,4,30000,30000,$(USD),2,"宿でのんびり過ごす,リゾートホテルを楽しむ,地元の美味しいものを食べる,名所、旧跡の観光,お祭りやイベントへの参加・見物",1,1,1,0,1,0,0,0,0,1,0,0,0,0,0,0,0,0,0,0,0,0,0,,"日本政府観光局(JNTO)ホームページ,旅行会社ホームページ,宿泊施設ホームページ",1,1,1,0,0,0,0,0,0,0,0,0,0,0,0,0,0,0,0,0,0,0,0,0,0,0,0,0,0,,0,"宿でのんびり過ごす,リゾートホテルを楽しむ,地元の美味しいものを食べる,アウトドア:登山・トレッキング,アウトドア:キャンプ,まちあるき・集落散策",1,1,1,0,0,0,0,0,0,0,0,0,0,0,1,1,1,0,0,0,0,0,0,,未就学児を含む家族,,"旅行会社ホームページ,宿泊施設ホームページ,航空会社ホームページ",0,1,1,1,0,0,0,0,0,0,0,0,0,0,0,0,0,0,0,0,0,0,0,0,0,0,0,0,0,,0,"自家用車,レンタカー",1,1,0,0,0,0,0,0,,"自家用車,レンタカー",1,1,0,0,0,0,0,0,,大変満足,너무깨끗하고 만족스러운 도시였습니다,5,50000,W(KRW),2-3回目,半年以内,必ず来たい,半年-1年後,大変満足,,10,,ない,,1982,男性,韓国,100000000,W(KRW),伊芸・屋嘉エリア,金武町,2025-10-29 10:16:25
792,93,観光・レジャー,,パートナー(恋人・夫婦など),,9,2000,1000,€(XEU),1,"地元の美味しいものを食べる,買い物、アウトレット,お祭りやイベントへの参加・見物,アウトドア:ビーチ・海水浴,アウトドア:登山・トレッキング,まちあるき・集落散策",0,0,1,0,0,0,0,0,1,1,0,0,1,0,1,0,1,0,0,0,0,0,0,,"宿泊予約サイト(例:Agoda、Expedia、Booking.com等),Google Mapなどの地図アプリやサイトでの検索,Instagram,Chat GPT等の生成AI",0,0,0,0,0,1,0,1,1,0,0,0,0,0,0,0,0,0,0,0,0,0,0,0,0,1,0,0,0,,0,"地元の美味しいものを食べる,アウトドア:ビーチ・海水浴,アウトドア:登山・トレッキング",0,0,1,0,0,0,0,0,0,0,0,0,1,0,1,0,0,0,0,0,0,0,0,,パートナー(恋人・夫婦など),,"Google Mapなどの地図アプリやサイトでの検索,Instagram,Chat GPT等の生成AI",0,0,0,0,0,0,0,1,1,0,0,0,0,0,0,0,0,0,0,0,0,0,0,0,0,1,0,0,0,,0,レンタカー,0,1,0,0,0,0,0,0,,"レンタカー,徒歩",0,1,0,0,0,1,0,0,,やや満足,Would be better to have easy public transportations. But still car is fine besides sometimes finding parking spots,5,600,€(XEU),初めて,,必ず来たい,1-3年後,満足,,9,"Beaches, food, people, nature",ある,Some beaches were dirty and a lot of industrial work ongoing which destroys the landscape,1993,男性,ドイツ,100000,€(XEU),万座毛エリア,恩納村,2025-10-30 13:17:10
816,94,観光・レジャー,,未就学児を含む家族,,8,2000,200,$(USD),3,"宿でのんびり過ごす,リゾートホテルを楽しむ,地元の美味しいものを食べる,花見などの自然鑑賞,テーマパーク:沖縄美ら海水族館,アウトドア:ビーチ・海水浴,ドライブ・ツーリング",1,1,1,1,0,1,0,0,0,0,0,0,1,0,0,0,0,0,0,1,0,0,0,,"宿泊施設ホームページ,口コミサイト(Tripadvisor等),Google Mapなどの地図アプリやサイトでの検索",0,0,1,0,0,0,1,1,0,0,0,0,0,0,0,0,0,0,0,0,0,0,0,0,0,0,0,0,0,,0,"宿でのんびり過ごす,花見などの自然鑑賞,テーマパーク:沖縄美ら海水族館",1,0,0,1,0,1,0,0,0,0,0,0,0,0,0,0,0,0,0,0,0,0,0,,未就学児を含む家族,,"宿泊予約サイト(例:Agoda、Expedia、Booking.com等),Google Mapなどの地図アプリやサイトでの検索",0,0,0,0,0,1,0,1,0,0,0,0,0,0,0,0,0,0,0,0,0,0,0,0,0,0,0,0,0,,0,レンタカー,0,1,0,0,0,0,0,0,,レンタカー,0,1,0,0,0,0,0,0,,大変満足,,4,200,$(USD),初めて,,必ず来たい,1-3年後,大変満足,,10,,ない,,1986,女性,米国,400000,$(USD),ヤンバルクイナ生態展示学習施設クイナの森エリア,国頭村,2025-10-31 13:30:10
965,95,観光・レジャー,,未就学児を含む家族,,5,1500000,570000,W(KRW),1,"地元の美味しいものを食べる,テーマパーク:沖縄美ら海水族館,買い物、アウトレット",0,0,1,0,0,1,0,0,1,0,0,0,0,0,0,0,0,0,0,0,0,0,0,,"口コミサイト(Tripadvisor等),個人のブログ",0,0,0,0,0,0,1,0,0,0,0,0,0,1,0,0,0,0,0,0,0,0,0,0,0,0,0,0,0,,0,"宿でのんびり過ごす,地元の美味しいものを食べる,テーマパーク:沖縄美ら海水族館",1,0,1,0,0,1,0,0,0,0,0,0,0,0,0,0,0,0,0,0,0,0,0,,未就学児を含む家族,,"口コミサイト(Tripadvisor等),個人のブログ",0,0,0,0,0,0,1,0,0,0,0,0,0,1,0,0,0,0,0,0,0,0,0,0,0,0,0,0,0,,0,レンタカー,0,1,0,0,0,0,0,0,,レンタカー,0,1,0,0,0,0,0,0,,大変満足,,4,1500000,W(KRW),初めて,,必ず来たい,半年以内,大変満足,친절하고 깨끗해서,10,맛있는 음식,ない,,1987,女性,韓国,100000000,W(KRW),海洋博公園・観光拠点エリア,本部町,2025-11-04 9:03:42
969,96,観光・レジャー,,小学生を含む家族(未就学児は含まない),,7,100000,10000,¥(JPY),10,"リゾートホテルを楽しむ,地元の美味しいものを食べる,花見などの自然鑑賞,テーマパーク:沖縄美ら海水族館,買い物、アウトレット,アウトドア:ビーチ・海水浴,ドライブ・ツーリング",0,1,1,1,0,1,0,0,1,0,0,0,1,0,0,0,0,0,0,1,0,0,0,,"日本政府観光局(JNTO)ホームページ,地方観光協会ホームページ,宿泊予約サイト(例:Agoda、Expedia、Booking.com等),口コミサイト(Tripadvisor等),Google Mapなどの地図アプリやサイトでの検索",1,0,0,0,1,1,1,1,0,0,0,0,0,0,0,0,0,0,0,0,0,0,0,0,0,0,0,0,0,,0,"宿でのんびり過ごす,リゾートホテルを楽しむ,地元の美味しいものを食べる,花見などの自然鑑賞,名所、旧跡の観光,テーマパーク:沖縄美ら海水族館,お祭りやイベントへの参加・見物",1,1,1,1,1,1,0,0,0,1,0,0,0,0,0,0,0,0,0,0,0,0,0,,小学生を含む家族(未就学児は含まない),,"日本政府観光局(JNTO)ホームページ,宿泊施設ホームページ,地方観光協会ホームページ,宿泊予約サイト(例:Agoda、Expedia、Booking.com等)",1,0,1,0,1,1,0,0,0,0,0,0,0,0,0,0,0,0,0,0,0,0,0,0,0,0,0,0,0,,0,レンタカー,0,1,0,0,0,0,0,0,,レンタカー,0,1,0,0,0,0,0,0,,大変満足,,3,4000,HK$(HKD),2-3回目,1-3年前,必ず来たい,1-3年後,大変満足,,10,,ない,,1983,男性,香港,60000,HK$(HKD),万座毛エリア,恩納村,2025-11-04 11:22:07
984,97,日本国内在住,,未就学児を含む家族,,90,6000,7,¥(JPY),20,その他,0,0,0,0,0,0,0,0,0,0,0,0,0,0,0,0,0,0,0,0,0,0,1,Work,Instagram,0,0,0,0,0,0,0,0,1,0,0,0,0,0,0,0,0,0,0,0,0,0,0,0,0,0,0,0,0,,0,地元の美味しいものを食べる,0,0,1,0,0,0,0,0,0,0,0,0,0,0,0,0,0,0,0,0,0,0,0,,未就学児を含む家族,,Instagram,0,0,0,0,0,0,0,0,1,0,0,0,0,0,0,0,0,0,0,0,0,0,0,0,0,0,0,0,0,,0,自家用車,1,0,0,0,0,0,0,0,,自家用車,1,0,0,0,0,0,0,0,,,,1,6000,¥(JPY),2-3回目,半年-1年前,必ず来たい,1-3年後,大変満足,Always find something new to do when there,7,Lots to of places to just walk around,ない,I like the original look of it,1987,男性,米国,80000,$(USD),-,-,2025-11-04 19:23:02
1034,98,家族・知人訪問,,親,,14,500000,100000,¥(JPY),50,"花見などの自然鑑賞,名所、旧跡の観光,まちあるき・集落散策",0,0,0,1,1,0,0,0,0,0,0,0,0,0,0,0,1,0,0,0,0,0,0,,"宿泊予約サイト(例:Agoda、Expedia、Booking.com等),口コミサイト(Tripadvisor等),YouTube,日本政府観光局の案内所",0,0,0,0,0,1,1,0,0,0,0,1,0,0,0,1,0,0,0,0,0,0,0,0,0,0,0,0,0,,0,"名所、旧跡の観光,テーマパーク:沖縄美ら海水族館,テーマパーク:その他",0,0,0,0,1,1,0,1,0,0,0,0,0,0,0,0,0,0,0,0,0,0,0,,親,,"口コミサイト(Tripadvisor等),Google Mapなどの地図アプリやサイトでの検索",0,0,0,0,0,0,1,1,0,0,0,0,0,0,0,0,0,0,0,0,0,0,0,0,0,0,0,0,0,,0,レンタカー,0,1,0,0,0,0,0,0,,レンタカー,0,1,0,0,0,0,0,0,,大変満足,I think it would be a bit more of a pain to travel to all the sightseeing places without a rental car as a lot of the places aren’t condensed but spread out throughout the main island.,2,100000,¥(JPY),初めて,,必ず来たい,5年以上,大変満足,,8,,ない,,1997,女性,その他,160000,A$(AUD),名護市街エリア,名護市,2025-11-06 15:44:38
1035,99,家族・知人訪問,,未就学児を含む家族,,14,450000,20000,¥(JPY),100,"地元の美味しいものを食べる,名所、旧跡の観光",0,0,1,0,1,0,0,0,0,0,0,0,0,0,0,0,0,0,0,0,0,0,0,,"宿泊施設ホームページ,地方観光協会ホームページ,宿泊予約サイト(例:Agoda、Expedia、Booking.com等)",0,0,1,0,1,1,0,0,0,0,0,0,0,0,0,0,0,0,0,0,0,0,0,0,0,0,0,0,0,,0,名所、旧跡の観光,0,0,0,0,1,0,0,0,0,0,0,0,0,0,0,0,0,0,0,0,0,0,0,,未就学児を含む家族,,"宿泊施設ホームページ,航空会社ホームページ,地方観光協会ホームページ",0,0,1,1,1,0,0,0,0,0,0,0,0,0,0,0,0,0,0,0,0,0,0,0,0,0,0,0,0,,0,レンタカー,0,1,0,0,0,0,0,0,,レンタカー,0,1,0,0,0,0,0,0,,満足,,0,20000,¥(JPY),2-3回目,5年以上前,来たい,5年以上,満足,,7,,ない,,1966,女性,その他,60000,A$(AUD),名護市街エリア,名護市,2025-11-06 15:44:41
1040,100,観光・レジャー,,友人,,75,6000,3000,$(USD),3,"テーマパーク:沖縄美ら海水族館,お祭りやイベントへの参加・見物,まちあるき・集落散策",0,0,0,0,0,1,0,0,0,1,0,0,0,0,0,0,1,0,0,0,0,0,0,,"宿泊予約サイト(例:Agoda、Expedia、Booking.com等),Instagram,YouTube,Chat GPT等の生成AI",0,0,0,0,0,1,0,0,1,0,0,1,0,0,0,0,0,0,0,0,0,0,0,0,0,1,0,0,0,,0,"お祭りやイベントへの参加・見物,まちあるき・集落散策",0,0,0,0,0,0,0,0,0,1,0,0,0,0,0,0,1,0,0,0,0,0,0,,友人,,"宿泊予約サイト(例:Agoda、Expedia、Booking.com等),Instagram,Chat GPT等の生成AI",0,0,0,0,0,1,0,0,1,0,0,0,0,0,0,0,0,0,0,0,0,0,0,0,0,1,0,0,0,,0,レンタカー,0,1,0,0,0,0,0,0,,レンタカー,0,1,0,0,0,0,0,0,,満足,"Good size rental car and good price, however agency was in downtown Naha which was quite inconvenient.",20,1500,$(USD),初めて,,来たい,1-3年後,大変満足,"Good food, beautiful sunsets and welcoming places.",8,Sea and sunsets,ない,So far so good.,1979,男性,カナダ,50000,$(USD),道の駅ゆいゆい国頭エリア,国頭村,2025-11-06 18:24:15
1191,101,観光・レジャー,,パートナー(恋人・夫婦など),,4,1000000,400000,W(KRW),3,"宿でのんびり過ごす,リゾートホテルを楽しむ,地元の美味しいものを食べる,名所、旧跡の観光,テーマパーク:沖縄美ら海水族館,買い物、アウトレット",1,1,1,0,1,1,0,0,1,0,0,0,0,0,0,0,0,0,0,0,0,0,0,,"旅行会社ホームページ,宿泊施設ホームページ,宿泊予約サイト(例:Agoda、Expedia、Booking.com等),Google Mapなどの地図アプリやサイトでの検索,その他SNS",0,1,1,0,0,1,0,1,0,0,0,0,1,0,0,0,0,0,0,0,0,0,0,0,0,0,0,0,0,,0,"宿でのんびり過ごす,リゾートホテルを楽しむ,地元の美味しいものを食べる,名所、旧跡の観光,テーマパーク:沖縄美ら海水族館",1,1,1,0,1,1,0,0,0,0,0,0,0,0,0,0,0,0,0,0,0,0,0,,パートナー(恋人・夫婦など),,"旅行会社ホームページ,宿泊予約サイト(例:Agoda、Expedia、Booking.com等),Google Mapなどの地図アプリやサイトでの検索,その他SNS",0,1,0,0,0,1,0,1,0,0,0,0,1,0,0,0,0,0,0,0,0,0,0,0,0,0,0,0,0,,0,レンタカー,0,1,0,0,0,0,0,0,,レンタカー,0,1,0,0,0,0,0,0,,大変満足,,3,1000000,W(KRW),初めて,,やや来たい,5年以上,大変満足,,9,여행이 편하고 쉽다,ある,,1991,女性,韓国,100000000,W(KRW),海洋博公園・観光拠点エリア,本部町,2025-11-11 20:05:33
1268,102,観光・レジャー,,友人,,20,500000,9000,¥(JPY),20,"地元の美味しいものを食べる,名所、旧跡の観光,テーマパーク:沖縄美ら海水族館,テーマパーク:その他,友人・親戚を尋ねる",0,0,1,0,1,1,0,1,0,0,0,0,0,0,0,0,0,0,0,0,1,0,0,,"Google Mapなどの地図アプリやサイトでの検索,Facebook",0,0,0,0,0,0,0,1,0,0,1,0,0,0,0,0,0,0,0,0,0,0,0,0,0,0,0,0,0,,0,"名所、旧跡の観光,テーマパーク:沖縄美ら海水族館",0,0,0,0,1,1,0,0,0,0,0,0,0,0,0,0,0,0,0,0,0,0,0,,友人,,Google Mapなどの地図アプリやサイトでの検索,0,0,0,0,0,0,0,1,0,0,0,0,0,0,0,0,0,0,0,0,0,0,0,0,0,0,0,0,0,,0,レンタカー,0,1,0,0,0,0,0,0,,レンタカー,0,1,0,0,0,0,0,0,,大変満足,Not much trafic jams,2,30000,¥(JPY),4-5回目,1-3年前,来たい,3-5年後,満足,Not much trafic jam,10,Beautiful sceneries ,ない,,1975,女性,カナダ,150000,Can$(CAD),万座毛エリア,恩納村,2025-11-14 18:17:48
1269,103,観光・レジャー,,友人,,17,3000,100,Can$(CAD),2,"地元の美味しいものを食べる,名所、旧跡の観光,テーマパーク:沖縄美ら海水族館,テーマパーク:その他",0,0,1,0,1,1,0,1,0,0,0,0,0,0,0,0,0,0,0,0,0,0,0,,"宿泊予約サイト(例:Agoda、Expedia、Booking.com等),口コミサイト(Tripadvisor等),Instagram,Chat GPT等の生成AI,その他",0,0,0,0,0,1,1,0,1,0,0,0,0,0,0,0,0,0,0,0,0,0,0,0,0,1,0,0,1,Friends suggestions,0,"名所、旧跡の観光,テーマパーク:沖縄美ら海水族館,テーマパーク:その他,買い物、アウトレット",0,0,0,0,1,1,0,1,1,0,0,0,0,0,0,0,0,0,0,0,0,0,0,,友人,,"宿泊予約サイト(例:Agoda、Expedia、Booking.com等),口コミサイト(Tripadvisor等),Instagram,Chat GPT等の生成AI,その他",0,0,0,0,0,1,1,0,1,0,0,0,0,0,0,0,0,0,0,0,0,0,0,0,0,1,0,0,1,Friends suggestions,0,レンタカー,0,1,0,0,0,0,0,0,,レンタカー,0,1,0,0,0,0,0,0,,大変満足,,6,1500,Can$(CAD),2-3回目,5年以上前,必ず来たい,半年以内,大変満足,台風が近くて雨だろうと思っていたけど、晴れる日もあって海がとても綺麗でした。沖縄そばがすごくおいしかったです。沖縄ワールドもいろいろ面白いものが見れて楽しかった。初めてひめゆりの塔に行って、改めて戦争の悲惨さ、若くして、亡くなった方々へのお悔やみの気持ちでいっぱいになりました。,10,ひめゆりの塔,ない,,1981,女性,その他,80000,Can$(CAD),-,-,2025-11-14 18:36:17
1289,104,観光・レジャー,,パートナー(恋人・夫婦など),,5,500,75,$(USD),3,宿でのんびり過ごす,1,0,0,0,0,0,0,0,0,0,0,0,0,0,0,0,0,0,0,0,0,0,0,,Google Mapなどの地図アプリやサイトでの検索,0,0,0,0,0,0,0,1,0,0,0,0,0,0,0,0,0,0,0,0,0,0,0,0,0,0,0,0,0,,0,宿でのんびり過ごす,1,0,0,0,0,0,0,0,0,0,0,0,0,0,0,0,0,0,0,0,0,0,0,,パートナー(恋人・夫婦など),,Google Mapなどの地図アプリやサイトでの検索,0,0,0,0,0,0,0,1,0,0,0,0,0,0,0,0,0,0,0,0,0,0,0,0,0,0,0,0,0,,0,自家用車,1,0,0,0,0,0,0,0,,自家用車,1,0,0,0,0,0,0,0,,,,2,50,$(USD),2-3回目,半年以内,来たい,1-3年後,大変満足,"Friendly people, nice beaches ",10,"Beaches, little island exploring",ない,,1995,女性,米国,90000,$(USD),伊江村エリア,伊江村,2025-11-15 13:37:53
1330,105,観光・レジャー,,未就学児を含む家族,,5,8000,3000,Can$(CAD),10,"地元の美味しいものを食べる,花見などの自然鑑賞,名所、旧跡の観光,テーマパーク:沖縄美ら海水族館,買い物、アウトレット,お祭りやイベントへの参加・見物,まちあるき・集落散策,ドライブ・ツーリング",0,0,1,1,1,1,0,0,1,1,0,0,0,0,0,0,1,0,0,1,0,0,0,,"日本政府観光局(JNTO)ホームページ,Google Mapなどの地図アプリやサイトでの検索,Instagram",1,0,0,0,0,0,0,1,1,0,0,0,0,0,0,0,0,0,0,0,0,0,0,0,0,0,0,0,0,,0,"地元の美味しいものを食べる,花見などの自然鑑賞,名所、旧跡の観光,テーマパーク:沖縄美ら海水族館,テーマパーク:その他,買い物、アウトレット,まちあるき・集落散策,ドライブ・ツーリング",0,0,1,1,1,1,0,1,1,0,0,0,0,0,0,0,1,0,0,1,0,0,0,,未就学児を含む家族,,"日本政府観光局(JNTO)ホームページ,Google Mapなどの地図アプリやサイトでの検索,Instagram,日本政府観光局の案内所",1,0,0,0,0,0,0,1,1,0,0,0,0,0,0,1,0,0,0,0,0,0,0,0,0,0,0,0,0,,0,レンタカー,0,1,0,0,0,0,0,0,,レンタカー,0,1,0,0,0,0,0,0,,満足,,5,2000,Can$(CAD),2-3回目,5年以上前,必ず来たい,3-5年後,大変満足,,10,,ない,,1988,男性,カナダ,65000,Can$(CAD),今帰仁の駅そーれエリア,今帰仁村,2025-11-16 12:44:04
1412,106,観光・レジャー,,未就学児を含む家族,,9,550000,85000,¥(JPY),4,"地元の美味しいものを食べる,花見などの自然鑑賞,名所、旧跡の観光,テーマパーク:沖縄美ら海水族館,買い物、アウトレット,まちあるき・集落散策,その他",0,0,1,1,1,1,0,0,1,0,0,0,0,0,0,0,1,0,0,0,0,0,1,Sightseeing concrete/brutalist architecture,"Google Mapなどの地図アプリやサイトでの検索,Instagram,旅行ガイドブック",0,0,0,0,0,0,0,1,1,0,0,0,0,0,0,0,0,1,0,0,0,0,0,0,0,0,0,0,0,,0,"花見などの自然鑑賞,テーマパーク:JUNGLIA",0,0,0,1,0,0,1,0,0,0,0,0,0,0,0,0,0,0,0,0,0,0,0,,パートナー(恋人・夫婦など),,その他インターネットサイト(検索サイトを除く),0,0,0,0,0,0,0,0,0,0,0,0,0,0,1,0,0,0,0,0,0,0,0,0,0,0,0,0,0,,0,旅行会社ツアーバス,0,0,0,1,0,0,0,0,,旅行会社ツアーバス,0,0,0,1,0,0,0,0,,大変満足,"This is extremely helpful to have an organized trip,not worrying about a car, especially after a long flight from Europe. Also, possibility to stop by in local restaurants and taste the life here.",1,30000,¥(JPY),初めて,,必ず来たい,1-3年後,大変満足,,10,,ない,,1991,男性,その他,120000,€(XEU),道の駅ゆいゆい国頭エリア,国頭村,2025-11-18 11:50:54
1452,107,留学,,自分ひとり,,6,50000,100000,¥(JPY),1,アウトドア:ビーチ・海水浴,0,0,0,0,0,0,0,0,0,0,0,0,1,0,0,0,0,0,0,0,0,0,0,,"Instagram,YouTube,Chat GPT等の生成AI",0,0,0,0,0,0,0,0,1,0,0,1,0,0,0,0,0,0,0,0,0,0,0,0,0,1,0,0,0,,0,"宿でのんびり過ごす,アウトドア:ビーチ・海水浴",1,0,0,0,0,0,0,0,0,0,0,0,1,0,0,0,0,0,0,0,0,0,0,,友人,,"Instagram,Facebook,YouTube",0,0,0,0,0,0,0,0,1,0,1,1,0,0,0,0,0,0,0,0,0,0,0,0,0,0,0,0,0,,0,自家用車,1,0,0,0,0,0,0,0,,自家用車,1,0,0,0,0,0,0,0,,,,6,50000,¥(JPY),初めて,,必ず来たい,半年以内,大変満足,Excellent,8,Good,ある,Good,2003,男性,インドネシア,150000,¥(JPY),伊是名村エリア,伊是名村,2025-11-19 9:07:03
1458,108,観光・レジャー,,その他家族,,10,500000,200000,¥(JPY),5,"地元の美味しいものを食べる,花見などの自然鑑賞,買い物、アウトレット,アウトドア:マリンスポーツ,アウトドア:登山・トレッキング,各種体験(手作り、果物狩りなど)",0,0,1,1,0,0,0,0,1,0,0,0,0,1,1,0,0,1,0,0,0,0,0,,"宿泊予約サイト(例:Agoda、Expedia、Booking.com等),口コミサイト(Tripadvisor等),Google Mapなどの地図アプリやサイトでの検索,Instagram",0,0,0,0,0,1,1,1,1,0,0,0,0,0,0,0,0,0,0,0,0,0,0,0,0,0,0,0,0,,0,"地元の美味しいものを食べる,地域の行事,アウトドア:マリンスポーツ,各種体験(手作り、果物狩りなど)",0,0,1,0,0,0,0,0,0,0,1,0,0,1,0,0,0,1,0,0,0,0,0,,その他家族,,"Google Mapなどの地図アプリやサイトでの検索,Instagram",0,0,0,0,0,0,0,1,1,0,0,0,0,0,0,0,0,0,0,0,0,0,0,0,0,0,0,0,0,,0,レンタカー,0,1,0,0,0,0,0,0,,レンタカー,0,1,0,0,0,0,0,0,,満足,方便,3,80000,¥(JPY),初めて,,必ず来たい,1-3年後,満足,好玩,8,食物，海洋公园,ない,,2003,女性,シンガポール,60000,S$(SGD),名護市街エリア,名護市,2025-11-19 11:12:14
1460,109,観光・レジャー,,中学生以上を含む家族(小学生以下は含まない),,9,500000,6000,¥(JPY),6,"地元の美味しいものを食べる,アウトドア:マリンスポーツ,各種体験(手作り、果物狩りなど)",0,0,1,0,0,0,0,0,0,0,0,0,0,1,0,0,0,1,0,0,0,0,0,,"地方観光協会ホームページ,Google Mapなどの地図アプリやサイトでの検索,Instagram,Chat GPT等の生成AI",0,0,0,0,1,0,0,1,1,0,0,0,0,0,0,0,0,0,0,0,0,0,0,0,0,1,0,0,0,,0,"宿でのんびり過ごす,地元の美味しいものを食べる,テーマパーク:沖縄美ら海水族館,アウトドア:マリンスポーツ,ドライブ・ツーリング",1,0,1,0,0,1,0,0,0,0,0,0,0,1,0,0,0,0,0,1,0,0,0,,中学生以上を含む家族(小学生以下は含まない),,"宿泊予約サイト(例:Agoda、Expedia、Booking.com等),Instagram,Chat GPT等の生成AI",0,0,0,0,0,1,0,0,1,0,0,0,0,0,0,0,0,0,0,0,0,0,0,0,0,1,0,0,0,,0,レンタカー,0,1,0,0,0,0,0,0,,レンタカー,0,1,0,0,0,0,0,0,,満足,Parking in the city is difficult with high costs,5,100000,¥(JPY),初めて,,来たい,3-5年後,満足,People are generally welcoming and friendly here,9,"Nice weather in winter, not too cold and lots of things to do, like crafts and excursions such as diving and kayaking.",ない,"Nil, all is good!",1973,女性,シンガポール,60000,S$(SGD),名護市街エリア,名護市,2025-11-19 11:36:17
1490,110,観光・レジャー,,自分ひとり,,4,120000,25000,¥(JPY),5,その他,0,0,0,0,0,0,0,0,0,0,0,0,0,0,0,0,0,0,0,0,0,0,1,騎機車旅遊,その他SNS,0,0,0,0,0,0,0,0,0,0,0,0,1,0,0,0,0,0,0,0,0,0,0,0,0,0,0,0,0,,0,"花見などの自然鑑賞,まちあるき・集落散策,ドライブ・ツーリング",0,0,0,1,0,0,0,0,0,0,0,0,0,0,0,0,1,0,0,1,0,0,0,,自分ひとり,,"Google Mapなどの地図アプリやサイトでの検索,その他SNS",0,0,0,0,0,0,0,1,0,0,0,0,1,0,0,0,0,0,0,0,0,0,0,0,0,0,0,0,0,,0,"レンタカー,路線バス、高速バス、シャトルバス",0,1,0,0,0,1,0,0,,レンタカー,0,1,0,0,0,0,0,0,,大変満足,騎乘機車輕鬆自在，路面還算平整，交通號誌也很清楚,0,15000,¥(JPY),初めて,,来たい,1-3年後,満足,比較沒有那麼擁擠,8,觀光客比那霸市區少,ない,我不會日語,1980,男性,台湾,1200000,¥(JPY),道の駅ぎのざエリア,宜野座村,2025-11-20 10:18:19
1503,111,家族・知人訪問,,パートナー(恋人・夫婦など),,21,3000,500,Can$(CAD),50,"宿でのんびり過ごす,買い物、アウトレット",1,0,0,0,0,0,0,0,1,0,0,0,0,0,0,0,0,0,0,0,0,0,0,,Facebook,0,0,0,0,0,0,0,0,0,0,1,0,0,0,0,0,0,0,0,0,0,0,0,0,0,0,0,0,0,,0,宿でのんびり過ごす,1,0,0,0,0,0,0,0,0,0,0,0,0,0,0,0,0,0,0,0,0,0,0,,パートナー(恋人・夫婦など),,YouTube,0,0,0,0,0,0,0,0,0,0,0,1,0,0,0,0,0,0,0,0,0,0,0,0,0,0,0,0,0,,0,レンタカー,0,1,0,0,0,0,0,0,,レンタカー,0,1,0,0,0,0,0,0,,満足,Rental car was so cheap.,5,200,Can$(CAD),初めて,,来たい,1-3年後,大変満足,Beautiful place,10,Great nature. Relax ,ない,Keep nature,1965,男性,カナダ,0,Can$(CAD),辺戸岬観光案内所エリア,国頭村,2025-11-20 13:16:19
1504,112,家族・知人訪問,,パートナー(恋人・夫婦など),,21,2000,1000,¥(JPY),10,"花見などの自然鑑賞,名所、旧跡の観光,その他",0,0,0,1,1,0,0,0,0,0,0,0,0,0,0,0,0,0,0,0,0,0,1,,YouTube,0,0,0,0,0,0,0,0,0,0,0,1,0,0,0,0,0,0,0,0,0,0,0,0,0,0,0,0,0,,0,名所、旧跡の観光,0,0,0,0,1,0,0,0,0,0,0,0,0,0,0,0,0,0,0,0,0,0,0,,パートナー(恋人・夫婦など),,YouTube,0,0,0,0,0,0,0,0,0,0,0,1,0,0,0,0,0,0,0,0,0,0,0,0,0,0,0,0,0,,0,レンタカー,0,1,0,0,0,0,0,0,,レンタカー,0,1,0,0,0,0,0,0,,大変満足,,21,2000,Can$(CAD),11回目以上,1-3年前,必ず来たい,3-5年後,大変満足,,10,,ない,,1967,女性,カナダ,0,Can$(CAD),辺戸岬観光案内所エリア,国頭村,2025-11-20 13:21:52
1506,113,観光・レジャー,,未就学児を含む家族,,5,800000,170000,W(KRW),4,"宿でのんびり過ごす,地元の美味しいものを食べる,名所、旧跡の観光",1,0,1,0,1,0,0,0,0,0,0,0,0,0,0,0,0,0,0,0,0,0,0,,"Google Mapなどの地図アプリやサイトでの検索,YouTube,その他SNS,個人のブログ",0,0,0,0,0,0,0,1,0,0,0,1,1,1,0,0,0,0,0,0,0,0,0,0,0,0,0,0,0,,0,"名所、旧跡の観光,アウトドア:登山・トレッキング,まちあるき・集落散策,ドライブ・ツーリング",0,0,0,0,1,0,0,0,0,0,0,0,0,0,1,0,1,0,0,1,0,0,0,,未就学児を含む家族,,"Google Mapなどの地図アプリやサイトでの検索,個人のブログ",0,0,0,0,0,0,0,1,0,0,0,0,0,1,0,0,0,0,0,0,0,0,0,0,0,0,0,0,0,,0,レンタカー,0,1,0,0,0,0,0,0,,レンタカー,0,1,0,0,0,0,0,0,,大変満足,아름다운 경치,2,250000,W(KRW),2-3回目,1-3年前,来たい,3-5年後,大変満足,"상대적으로 저렴한 숙박비, 아름다운 자연, 좋은 먹거리",10,"해안가 드라이빙과 사진 찍기, 휴식에 좋다",ない,,1991,女性,韓国,100000000,W(KRW),道の駅ゆいゆい国頭エリア,国頭村,2025-11-20 13:44:45
1509,114,観光・レジャー,,パートナー(恋人・夫婦など),,11,50000,10000,¥(JPY),2,その他,0,0,0,0,0,0,0,0,0,0,0,0,0,0,0,0,0,0,0,0,0,0,1,스쿠버다이빙,"宿泊予約サイト(例:Agoda、Expedia、Booking.com等),Google Mapなどの地図アプリやサイトでの検索",0,0,0,0,0,1,0,1,0,0,0,0,0,0,0,0,0,0,0,0,0,0,0,0,0,0,0,0,0,,0,その他,0,0,0,0,0,0,0,0,0,0,0,0,0,0,0,0,0,0,0,0,0,0,1,스쿠버 다이빙,パートナー(恋人・夫婦など),,"宿泊予約サイト(例:Agoda、Expedia、Booking.com等),Google Mapなどの地図アプリやサイトでの検索",0,0,0,0,0,1,0,1,0,0,0,0,0,0,0,0,0,0,0,0,0,0,0,0,0,0,0,0,0,,0,レンタカー,0,1,0,0,0,0,0,0,,レンタカー,0,1,0,0,0,0,0,0,,大変満足,도로가 잘 되어있음,5,20000,¥(JPY),初めて,,必ず来たい,半年-1年後,大変満足,바다가 이쁘다,10,바다가 이쁨,ない,화장실 비데 설치 필요,1984,男性,韓国,200000000,W(KRW),万座毛エリア,恩納村,2025-11-20 14:02:54
1518,115,観光・レジャー,,自分ひとり,,4,500,60,$(USD),4,"地元の美味しいものを食べる,名所、旧跡の観光,テーマパーク:沖縄美ら海水族館",0,0,1,0,1,1,0,0,0,0,0,0,0,0,0,0,0,0,0,0,0,0,0,,"日本政府観光局(JNTO)ホームページ,宿泊予約サイト(例:Agoda、Expedia、Booking.com等)",1,0,0,0,0,1,0,0,0,0,0,0,0,0,0,0,0,0,0,0,0,0,0,0,0,0,0,0,0,,0,"名所、旧跡の観光,テーマパーク:沖縄美ら海水族館",0,0,0,0,1,1,0,0,0,0,0,0,0,0,0,0,0,0,0,0,0,0,0,,自分ひとり,,"日本政府観光局(JNTO)ホームページ,宿泊予約サイト(例:Agoda、Expedia、Booking.com等)",1,0,0,0,0,1,0,0,0,0,0,0,0,0,0,0,0,0,0,0,0,0,0,0,0,0,0,0,0,,0,自家用車,1,0,0,0,0,0,0,0,,自家用車,1,0,0,0,0,0,0,0,,,,0,100,$(USD),初めて,,必ず来たい,半年-1年後,大変満足,,10,,ない,,1981,男性,香港,50000,$(USD),万座毛エリア,恩納村,2025-11-20 17:18:22
1552,116,観光・レジャー,,パートナー(恋人・夫婦など),,4,500,400,$(USD),10,"宿でのんびり過ごす,リゾートホテルを楽しむ,地元の美味しいものを食べる,花見などの自然鑑賞,地域の行事,アウトドア:ビーチ・海水浴,ドライブ・ツーリング",1,1,1,1,0,0,0,0,0,0,1,0,1,0,0,0,0,0,0,1,0,0,0,,"Google Mapなどの地図アプリやサイトでの検索,Facebook,YouTube,Chat GPT等の生成AI",0,0,0,0,0,0,0,1,0,0,1,1,0,0,0,0,0,0,0,0,0,0,0,0,0,1,0,0,0,,0,"宿でのんびり過ごす,リゾートホテルを楽しむ,地元の美味しいものを食べる,アウトドア:ビーチ・海水浴,ドライブ・ツーリング",1,1,1,0,0,0,0,0,0,0,0,0,1,0,0,0,0,0,0,1,0,0,0,,パートナー(恋人・夫婦など),,"Google Mapなどの地図アプリやサイトでの検索,Facebook,YouTube",0,0,0,0,0,0,0,1,0,0,1,1,0,0,0,0,0,0,0,0,0,0,0,0,0,0,0,0,0,,0,レンタカー,0,1,0,0,0,0,0,0,,レンタカー,0,1,0,0,0,0,0,0,,大変満足,Convenient to go anywhere without limitations ,2,600,$(USD),初めて,,来たい,1-3年後,満足,Very nice view,9,Special spots ,ない,,1983,女性,台湾,180000,$(USD),名護市街エリア,名護市,2025-11-21 17:54:42
1557,117,観光・レジャー,,親,,7,2000,1000,$(USD),4,"テーマパーク:沖縄美ら海水族館,アウトドア:マリンスポーツ,ドライブ・ツーリング",0,0,0,0,0,1,0,0,0,0,0,0,0,1,0,0,0,0,0,1,0,0,0,,"Instagram,YouTube,日本在住の親族・知人,Chat GPT等の生成AI",0,0,0,0,0,0,0,0,1,0,0,1,0,0,0,0,0,0,0,1,0,0,0,0,0,1,0,0,0,,0,"テーマパーク:沖縄美ら海水族館,アウトドア:マリンスポーツ",0,0,0,0,0,1,0,0,0,0,0,0,0,1,0,0,0,0,0,0,0,0,0,,親,,"Instagram,YouTube",0,0,0,0,0,0,0,0,1,0,0,1,0,0,0,0,0,0,0,0,0,0,0,0,0,0,0,0,0,,0,レンタカー,0,1,0,0,0,0,0,0,,レンタカー,0,1,0,0,0,0,0,0,,満足,,3,800,$(USD),初めて,,来たい,3-5年後,満足,,7,,ない,,2000,女性,カナダ,80000,$(USD),海洋博公園・観光拠点エリア,本部町,2025-11-21 20:30:42
1561,118,観光・レジャー,,中学生以上を含む家族(小学生以下は含まない),,6,100000,10000,¥(JPY),10,"宿でのんびり過ごす,地元の美味しいものを食べる,名所、旧跡の観光,テーマパーク:沖縄美ら海水族館,買い物、アウトレット,ドライブ・ツーリング",1,0,1,0,1,1,0,0,1,0,0,0,0,0,0,0,0,0,0,1,0,0,0,,"日本政府観光局(JNTO)ホームページ,宿泊予約サイト(例:Agoda、Expedia、Booking.com等),Google Mapなどの地図アプリやサイトでの検索,Facebook,YouTube",1,0,0,0,0,1,0,1,0,0,1,1,0,0,0,0,0,0,0,0,0,0,0,0,0,0,0,0,0,,0,"宿でのんびり過ごす,テーマパーク:沖縄美ら海水族館,買い物、アウトレット,ドライブ・ツーリング",1,0,0,0,0,1,0,0,1,0,0,0,0,0,0,0,0,0,0,1,0,0,0,,中学生以上を含む家族(小学生以下は含まない),,"日本政府観光局(JNTO)ホームページ,Google Mapなどの地図アプリやサイトでの検索,Facebook",1,0,0,0,0,0,0,1,0,0,1,0,0,0,0,0,0,0,0,0,0,0,0,0,0,0,0,0,0,,0,レンタカー,0,1,0,0,0,0,0,0,,レンタカー,0,1,0,0,0,0,0,0,,大変満足,自駕自由方便,2,10000,¥(JPY),4-5回目,半年-1年前,必ず来たい,半年-1年後,大変満足,,10,,ない,,1979,女性,台湾,3000000,¥(JPY),海洋博公園・観光拠点エリア,本部町,2025-11-21 22:31:27
1607,119,観光・レジャー,,未就学児を含む家族,,83,3000,3000,€(XEU),4,"宿でのんびり過ごす,花見などの自然鑑賞,アウトドア:ビーチ・海水浴",1,0,0,1,0,0,0,0,0,0,0,0,1,0,0,0,0,0,0,0,0,0,0,,YouTube,0,0,0,0,0,0,0,0,0,0,0,1,0,0,0,0,0,0,0,0,0,0,0,0,0,0,0,0,0,,0,"宿でのんびり過ごす,地元の美味しいものを食べる,アウトドア:ビーチ・海水浴",1,0,1,0,0,0,0,0,0,0,0,0,1,0,0,0,0,0,0,0,0,0,0,,未就学児を含む家族,,YouTube,0,0,0,0,0,0,0,0,0,0,0,1,0,0,0,0,0,0,0,0,0,0,0,0,0,0,0,0,0,,0,レンタカー,0,1,0,0,0,0,0,0,,レンタカー,0,1,0,0,0,0,0,0,,満足,,21,2000,€(XEU),初めて,,必ず来たい,3-5年後,満足,,9,,ない,,1991,男性,その他,130000,€(XEU),真栄田岬エリア,恩納村,2025-11-22 17:00:19
1620,120,観光・レジャー,,パートナー(恋人・夫婦など),,4,100,70,W(KRW),5,名所、旧跡の観光,0,0,0,0,1,0,0,0,0,0,0,0,0,0,0,0,0,0,0,0,0,0,0,,宿泊予約サイト(例:Agoda、Expedia、Booking.com等),0,0,0,0,0,1,0,0,0,0,0,0,0,0,0,0,0,0,0,0,0,0,0,0,0,0,0,0,0,,0,宿でのんびり過ごす,1,0,0,0,0,0,0,0,0,0,0,0,0,0,0,0,0,0,0,0,0,0,0,,パートナー(恋人・夫婦など),,その他インターネットサイト(検索サイトを除く),0,0,0,0,0,0,0,0,0,0,0,0,0,0,1,0,0,0,0,0,0,0,0,0,0,0,0,0,0,,0,レンタカー,0,1,0,0,0,0,0,0,,レンタカー,0,1,0,0,0,0,0,0,,満足,"교통이 혼잡하지않아서 좋왔습니다
일본 운전자들의 교통 예절이 매우 좋왔습니다",4,100,W(KRW),初めて,,必ず来たい,半年-1年後,大変満足,,10,"친절한 일본 사람
관공할곳이 먾고 자연환경이 좋다",ない,,1968,男性,韓国,100000000,W(KRW),道の駅ゆいゆい国頭エリア,国頭村,2025-11-22 21:01:04
1630,121,観光・レジャー,,パートナー(恋人・夫婦など),,5,150000,60000,¥(JPY),9,"宿でのんびり過ごす,地元の美味しいものを食べる,テーマパーク:沖縄美ら海水族館",1,0,1,0,0,1,0,0,0,0,0,0,0,0,0,0,0,0,0,0,0,0,0,,"Google Mapなどの地図アプリやサイトでの検索,Instagram,その他SNS,個人のブログ",0,0,0,0,0,0,0,1,1,0,0,0,1,1,0,0,0,0,0,0,0,0,0,0,0,0,0,0,0,,0,"花見などの自然鑑賞,テーマパーク:沖縄美ら海水族館",0,0,0,1,0,1,0,0,0,0,0,0,0,0,0,0,0,0,0,0,0,0,0,,パートナー(恋人・夫婦など),,旅行会社ホームページ,0,1,0,0,0,0,0,0,0,0,0,0,0,0,0,0,0,0,0,0,0,0,0,0,0,0,0,0,0,,0,旅行会社ツアーバス,0,0,0,1,0,0,0,0,,旅行会社ツアーバス,0,0,0,1,0,0,0,0,,満足,停留時間比較趕,0,10000,¥(JPY),初めて,,来たい,半年-1年後,満足,很美，想慢慢探訪,9,海水好美,ない,,1987,女性,台湾,500000,¥(JPY),万座毛エリア,恩納村,2025-11-23 9:59:33
1646,122,観光・レジャー,,パートナー(恋人・夫婦など),,7,500,80,S$(SGD),2,"宿でのんびり過ごす,地元の美味しいものを食べる,花見などの自然鑑賞,名所、旧跡の観光,テーマパーク:沖縄美ら海水族館",1,0,1,1,1,1,0,0,0,0,0,0,0,0,0,0,0,0,0,0,0,0,0,,"口コミサイト(Tripadvisor等),Google Mapなどの地図アプリやサイトでの検索,Instagram",0,0,0,0,0,0,1,1,1,0,0,0,0,0,0,0,0,0,0,0,0,0,0,0,0,0,0,0,0,,0,"花見などの自然鑑賞,名所、旧跡の観光,テーマパーク:沖縄美ら海水族館",0,0,0,1,1,1,0,0,0,0,0,0,0,0,0,0,0,0,0,0,0,0,0,,パートナー(恋人・夫婦など),,口コミサイト(Tripadvisor等),0,0,0,0,0,0,1,0,0,0,0,0,0,0,0,0,0,0,0,0,0,0,0,0,0,0,0,0,0,,0,レンタカー,0,1,0,0,0,0,0,0,,レンタカー,0,1,0,0,0,0,0,0,,満足,,2,100,S$(SGD),初めて,,必ず来たい,1-3年後,大変満足,,9,,ある,Finding of campsites ,1993,男性,シンガポール,100000,S$(SGD),道の駅ゆいゆい国頭エリア,国頭村,2025-11-23 11:39:50
1735,123,観光・レジャー,,未就学児を含む家族,,21,3000,1000,€(XEU),4,"宿でのんびり過ごす,花見などの自然鑑賞,名所、旧跡の観光,テーマパーク:沖縄美ら海水族館,地域の行事,アウトドア:ビーチ・海水浴,アウトドア:登山・トレッキング,まちあるき・集落散策,各種体験(手作り、果物狩りなど)",1,0,0,1,1,1,0,0,0,0,1,0,1,0,1,0,1,1,0,0,0,0,0,,"日本政府観光局(JNTO)ホームページ,Google Mapなどの地図アプリやサイトでの検索,タクシードライバーや地元の人",1,0,0,0,0,0,0,1,0,0,0,0,0,0,0,0,0,0,0,0,0,0,0,0,0,0,0,1,0,,0,"宿でのんびり過ごす,花見などの自然鑑賞,テーマパーク:沖縄美ら海水族館,アウトドア:ビーチ・海水浴,アウトドア:登山・トレッキング",1,0,0,1,0,1,0,0,0,0,0,0,1,0,1,0,0,0,0,0,0,0,0,,未就学児を含む家族,,"日本政府観光局(JNTO)ホームページ,Google Mapなどの地図アプリやサイトでの検索",1,0,0,0,0,0,0,1,0,0,0,0,0,0,0,0,0,0,0,0,0,0,0,0,0,0,0,0,0,,0,レンタカー,0,1,0,0,0,0,0,0,,レンタカー,0,1,0,0,0,0,0,0,,大変満足,Good roads. ,10,800,€(XEU),初めて,,来たい,1-3年後,大変満足,,10,"Beautiful nature, relaxing beaches.",ない,,1983,男性,ドイツ,1000000,€(XEU),中心市街地エリア,本部町,2025-11-24 10:09:50
1764,124,家族・知人訪問,,パートナー(恋人・夫婦など),,6,2100,500,$(USD),2,"宿でのんびり過ごす,名所、旧跡の観光,友人・親戚を尋ねる",1,0,0,0,1,0,0,0,0,0,0,0,0,0,0,0,0,0,0,0,1,0,0,,"地方観光協会ホームページ,日本在住の親族・知人",0,0,0,0,1,0,0,0,0,0,0,0,0,0,0,0,0,0,0,1,0,0,0,0,0,0,0,0,0,,0,アウトドア:ビーチ・海水浴,0,0,0,0,0,0,0,0,0,0,0,0,1,0,0,0,0,0,0,0,0,0,0,,パートナー(恋人・夫婦など),,"日本政府観光局(JNTO)ホームページ,日本在住の親族・知人",1,0,0,0,0,0,0,0,0,0,0,0,0,0,0,0,0,0,0,1,0,0,0,0,0,0,0,0,0,,0,自家用車,1,0,0,0,0,0,0,0,,自家用車,1,0,0,0,0,0,0,0,,,,0,20,$(USD),初めて,,必ず来たい,5年以上,大変満足,,8,,ない,,1995,女性,米国,300000,$(USD),道の駅ぎのざエリア,宜野座村,2025-11-24 13:15:30
1765,125,家族・知人訪問,,パートナー(恋人・夫婦など),,6,2200,200,$(USD),2,"リゾートホテルを楽しむ,花見などの自然鑑賞,名所、旧跡の観光,買い物、アウトレット,スポーツ観戦や芸能鑑賞(コンサート等),アウトドア:登山・トレッキング,まちあるき・集落散策,ドライブ・ツーリング,友人・親戚を尋ねる",0,1,0,1,1,0,0,0,1,0,0,1,0,0,1,0,1,0,0,1,1,0,0,,"Google Mapなどの地図アプリやサイトでの検索,YouTube",0,0,0,0,0,0,0,1,0,0,0,1,0,0,0,0,0,0,0,0,0,0,0,0,0,0,0,0,0,,0,"リゾートホテルを楽しむ,花見などの自然鑑賞,アウトドア:ビーチ・海水浴,アウトドア:登山・トレッキング",0,1,0,1,0,0,0,0,0,0,0,0,1,0,1,0,0,0,0,0,0,0,0,,未就学児を含む家族,,日本在住の親族・知人,0,0,0,0,0,0,0,0,0,0,0,0,0,0,0,0,0,0,0,1,0,0,0,0,0,0,0,0,0,,0,自家用車,1,0,0,0,0,0,0,0,,自家用車,1,0,0,0,0,0,0,0,,,,0,10,$(USD),2-3回目,1-3年前,来たい,1-3年後,大変満足,Beautiful,8,Cultural activities and nature,ある,Public transportation,1994,男性,米国,260000,$(USD),道の駅ぎのざエリア,宜野座村,2025-11-24 13:16:35
1804,126,観光・レジャー,,未就学児を含む家族,,5,1000000,300000,W(KRW),4,"宿でのんびり過ごす,リゾートホテルを楽しむ,地元の美味しいものを食べる,花見などの自然鑑賞,名所、旧跡の観光,テーマパーク:沖縄美ら海水族館,買い物、アウトレット",1,1,1,1,1,1,0,0,1,0,0,0,0,0,0,0,0,0,0,0,0,0,0,,"Instagram,YouTube,個人のブログ",0,0,0,0,0,0,0,0,1,0,0,1,0,1,0,0,0,0,0,0,0,0,0,0,0,0,0,0,0,,0,"宿でのんびり過ごす,リゾートホテルを楽しむ,地元の美味しいものを食べる,花見などの自然鑑賞,名所、旧跡の観光",1,1,1,1,1,0,0,0,0,0,0,0,0,0,0,0,0,0,0,0,0,0,0,,未就学児を含む家族,,"YouTube,個人のブログ",0,0,0,0,0,0,0,0,0,0,0,1,0,1,0,0,0,0,0,0,0,0,0,0,0,0,0,0,0,,0,自家用車,1,0,0,0,0,0,0,0,,自家用車,1,0,0,0,0,0,0,0,,,,3,200000,W(KRW),初めて,,必ず来たい,1-3年後,大変満足,"깨끗한 도시, 아름다운 노을,  남다른 스케일, 아름다운 뷰어 깨끗한 하늘 매일 이런 노을을 볼수 있다는게 부럽습니다. ",10,깨끗한 하늘 푸른 날씨 아름다운 노을 스케일이 다른 공원 및 수족관,ない,,1982,男性,韓国,70000000,W(KRW),海洋博公園・観光拠点エリア,本部町,2025-11-24 22:12:56
